2011/5/12,20.5,16.2,14.1,0.0,0,0
2011/5/13,0,24.0,16.1,5.4,0,0
2011/5/14,0,25.3,15.5,11.1,0,0
2011/5/15,0,25.2,15.9,11.3,0,0
2011/5/16,0.0,23.4,17.6,3.2,0,0
2011/5/17,1.0,20.8,14.2,0.8,0,0
2011/5/18,0,23.9,14.3,12.9,0,0
2011/5/19,0,25.9,14.9,12.9,0,0
2011/5/20,0,26.2,17.8,12.5,0,0
2011/5/21,0,26.7,18.9,10.3,0,0
2011/5/22,10.5,27.4,15.6,7.9,0,0
2011/5/23,3.0,18.4,13.0,0.0,0,0
2011/5/24,23.0,18.0,11.8,2.3,0,0
2011/5/25,0,23.5,12.5,11.2,0,0
2011/5/26,0.0,22.3,16.7,1.6,0,0
2011/5/27,2.5,20.5,16.8,0.0,0,0
2011/5/28,32.0,19.0,16.6,0.0,0,0
2011/5/29,69.0,19.1,16.5,0.0,0,0
2011/5/30,5.0,22.3,16.0,2.1,0,0
2011/5/31,0,17.9,12.5,5.4,0,0
2011/6/1,0.0,18.2,12.4,0.0,0,0
2011/6/2,16.5,17.5,14.3,0.0,0,0
2011/6/3,0,24.2,14.8,9.5,0,0
2011/6/4,0,26.9,17.8,11.9,0,0
2011/6/5,1.5,27.0,18.5,4.9,0,0
2011/6/6,0.0,28.5,17.4,12.9,0,0
2011/6/7,0,23.4,19.1,0.8,0,0
2011/6/8,3.5,23.3,17.3,1.2,0,0
2011/6/9,0,25.6,17.7,6.2,0,0
2011/6/10,0.0,26.5,20.1,2.0,0,0
2011/6/11,81.5,23.4,19.5,0.0,0,0
2011/6/12,0.0,26.1,20.1,2.6,0,0
2011/6/13,39.5,22.7,18.0,0.2,0,0
2011/6/14,0.0,23.4,19.5,1.4,0,0
2011/6/15,0,22.9,19.7,0.5,0,0
2011/6/16,6.0,23.2,17.7,0.0,0,0
2011/6/17,19.0,21.4,17.2,0.0,0,0
2011/6/18,5.0,22.1,18.3,0.0,0,0
2011/6/19,0.0,24.5,19.4,0.1,0,0
2011/6/20,0.5,25.1,20.6,0.6,0,0
2011/6/21,1.5,28.1,22.5,5.0,0,0
2011/6/22,0.0,32.2,21.3,12.7,0,0
2011/6/23,0.0,30.6,25.1,5.6,0,0
2011/6/24,0,30.6,24.9,8.8,0,0
2011/6/25,0.0,31.7,20.8,6.7,0,0
2011/6/26,0.5,24.5,19.8,0.1,0,0
2011/6/27,1.0,26.1,20.6,0.0,0,0
2011/6/28,0.0,33.8,24.2,8.4,0,0
2011/6/29,0,34.5,24.7,12.6,0,0
2011/6/30,23.0,33.7,22.8,6.4,0,0
2011/7/1,0.0,32.6,24.7,5.9,0,0
2011/7/2,0,31.1,24.4,6.1,0,0
2011/7/3,0,31.6,24.6,8.5,0,0
2011/7/4,0.0,32.4,25.9,6.7,0,0
2011/7/5,0.5,32.9,24.0,10.6,0,0
2011/7/6,0.0,32.0,24.1,10.9,0,0
2011/7/7,0.5,29.0,23.0,2.5,0,0
2011/7/8,0.0,30.7,26.0,0.2,0,0
2011/7/9,0.0,32.5,25.4,7.5,0,0
2011/7/10,0,33.1,24.7,13.7,0,0
2011/7/11,0,33.0,24.7,13.6,0,0
2011/7/12,0,32.6,25.4,10.4,0,0
2011/7/13,0,32.4,25.0,12.7,0,0
2011/7/14,0,33.2,24.8,13.2,0,0
2011/7/15,0,34.0,24.5,13.6,0,0
2011/7/16,0,33.2,25.0,13.7,0,0
2011/7/17,0,34.1,25.0,13.7,0,0
2011/7/18,0.0,33.8,26.8,4.1,0,0
2011/7/19,8.5,28.3,24.2,0.0,0,0
2011/7/20,10.0,28.3,20.9,0.0,0,0
2011/7/21,8.0,23.5,18.2,1.2,0,0
2011/7/22,0,25.5,17.6,8.8,0,0
2011/7/23,0.0,29.4,19.3,3.8,0,0
2011/7/24,0,29.5,22.8,7.8,0,0
2011/7/25,0,31.1,24.6,7.6,0,0
2011/7/26,0.0,28.6,25.3,2.4,0,0
2011/7/27,0.0,30.9,25.2,1.8,0,0
2011/7/28,6.0,28.4,24.2,0.0,0,0
2011/7/29,2.0,29.9,24.3,0.8,0,0
2011/7/30,35.0,29.7,23.1,2.3,0,0
2011/7/31,0.5,24.6,22.4,0.0,0,0
2011/8/1,0,27.9,22.1,5.5,0,0
2011/8/2,0,28.9,22.1,4.2,0,0
2011/8/3,0.0,30.9,23.8,4.8,0,0
2011/8/4,0.0,31.6,24.7,3.9,0,0
2011/8/5,1.0,31.6,24.6,7.7,0,0
2011/8/6,0,33.0,25.7,7.6,0,0
2011/8/7,0.0,33.6,26.0,5.7,0,0
2011/8/8,0,34.0,25.4,9.7,0,0
2011/8/9,0.0,33.9,26.4,11.6,0,0
2011/8/10,0,34.3,26.5,12.7,0,0
2011/8/11,0,35.2,27.4,11.4,0,0
2011/8/12,0,34.9,27.4,10.2,0,0
2011/8/13,0,34.0,27.1,7.6,0,0
2011/8/14,0.0,34.1,26.7,8.9,0,0
2011/8/15,0,34.2,26.7,10.5,0,0
2011/8/16,0,34.4,27.1,5.7,0,0
2011/8/17,0,34.6,27.9,10.5,0,0
2011/8/18,0,34.9,28.0,11.7,0,0
2011/8/19,77.0,32.3,21.6,2.3,0,0
2011/8/20,2.5,25.3,21.4,0.0,0,0
2011/8/21,16.5,21.5,19.6,0.0,0,0
2011/8/22,26.0,23.0,19.8,0.0,0,0
2011/8/23,0.5,31.6,21.9,6.6,0,0
2011/8/24,2.0,31.8,24.5,5.5,0,0
2011/8/25,3.5,29.2,24.7,1.7,0,0
2011/8/26,22.0,31.9,23.0,5.6,0,0
2011/8/27,2.0,27.9,22.4,0.1,0,0
2011/8/28,0,29.9,22.2,10.8,0,0
2011/8/29,0,29.2,23.7,8.3,0,0
2011/8/30,9.0,31.5,22.5,9.1,0,0
2011/8/31,3.0,31.3,22.0,4.0,0,0
2011/9/1,7.5,31.2,25.9,2.1,0,0
2011/9/2,4.0,31.7,25.5,4.4,0,0
2011/9/3,0.0,30.4,26.3,4.9,0,0
2011/9/4,0.0,30.0,24.4,4.6,0,0
2011/9/5,21.0,28.6,22.9,2.0,0,0
2011/9/6,4.0,28.7,22.1,7.5,0,0
2011/9/7,0,28.9,21.0,9.8,0,0
2011/9/8,0,30.4,21.5,11.7,0,0
2011/9/9,0,31.5,24.0,7.6,0,0
2011/9/10,0,32.1,25.2,11.9,0,0
2011/9/11,0.0,31.7,25.2,8.4,0,0
2011/9/12,0.0,31.9,25.5,10.9,0,0
2011/9/13,0,32.5,24.9,10.8,0,0
2011/9/14,0,32.5,24.7,11.8,0,0
2011/9/15,0,32.3,24.9,11.0,0,0
2011/9/16,5.5,31.7,25.3,6.4,0,0
2011/9/17,0.5,31.1,25.7,6.2,0,0
2011/9/18,0,31.8,25.6,11.5,0,0
2011/9/19,1.5,32.0,20.8,8.9,0,0
2011/9/20,23.0,21.1,19.2,0.0,0,0
2011/9/21,139.0,26.4,17.6,0.0,0,0
2011/9/22,1.5,29.7,19.1,6.4,0,0
2011/9/23,0.0,22.7,18.3,3.1,0,0
2011/9/24,0,24.7,17.3,9.3,0,0
2011/9/25,0.0,24.1,17.7,3.2,0,0
2011/9/26,5.0,19.7,17.3,0.0,0,0
2011/9/27,0.0,24.4,17.7,5.1,0,0
2011/9/28,0,24.7,16.8,8.6,0,0
2011/9/29,0,25.5,17.4,10.9,0,0
2011/9/30,0.0,28.3,19.3,4.8,0,0
2011/10/1,0.0,24.5,19.4,1.2,0,0
2011/10/2,0.0,21.4,17.9,1.7,0,0
2011/10/3,0.0,22.6,16.2,3.5,0,0
2011/10/4,0.0,21.5,15.0,7.2,0,0
2011/10/5,51.0,19.1,13.7,0.0,0,0
2011/10/6,2.5,24.0,15.6,6.5,0,0
2011/10/7,0.0,26.1,17.7,10.2,0,0
2011/10/8,0.0,23.5,16.8,6.0,0,0
2011/10/9,8.5,22.9,15.1,5.5,0,0
2011/10/10,8.5,24.0,17.3,5.9,0,0
2011/10/11,0,24.3,16.8,4.2,0,0
2011/10/12,0,23.3,17.4,8.7,0,0
2011/10/13,0.0,23.5,16.7,1.8,0,0
2011/10/14,4.0,25.7,17.1,6.3,0,0
2011/10/15,1.0,27.5,20.5,1.2,0,0
2011/10/16,18.5,28.5,20.4,6.5,0,0
2011/10/17,0,24.7,17.6,5.7,0,0
2011/10/18,0.0,20.7,16.5,3.5,0,0
2011/10/19,0.0,17.2,14.9,0.0,0,0
2011/10/20,0.0,20.0,14.5,1.2,0,0
2011/10/21,3.5,20.7,16.2,0.0,0,0
2011/10/22,48.5,22.3,15.9,1.3,0,0
2011/10/23,1.5,24.8,20.0,2.9,0,0
2011/10/24,0.5,22.9,19.3,1.9,0,0
2011/10/25,0,26.1,18.1,8.4,0,0
2011/10/26,0,20.3,13.3,9.7,0,0
2011/10/27,0,18.3,12.5,10.3,0,0
2011/10/28,0,20.0,10.7,10.0,0,0
2011/10/29,0,21.2,11.7,9.6,0,0
2011/10/30,1.0,19.6,14.2,3.6,0,0
2011/10/31,0.0,21.7,14.8,7.6,0,0
2011/11/1,0,20.8,13.9,9.9,0,0
2011/11/2,0,20.5,12.1,5.0,0,0
2011/11/3,0.0,20.8,15.3,1.3,0,0
2011/11/4,0,22.1,14.2,7.2,0,0
2011/11/5,2.5,22.4,15.2,2.7,0,0
2011/11/6,8.0,19.3,17.2,0.0,0,0
2011/11/7,0.0,20.9,15.7,8.2,0,0
2011/11/8,5.5,17.0,13.2,3.3,0,0
2011/11/9,0,16.1,12.2,1.7,0,0
2011/11/10,0.0,15.5,11.8,0.0,0,0
2011/11/11,28.0,14.0,10.7,0.0,0,0
2011/11/12,0.0,19.9,12.7,6.7,0,0
2011/11/13,0,21.1,14.4,9.3,0,0
2011/11/14,5.0,19.8,13.4,6.2,0,0
2011/11/15,0.0,16.0,11.1,3.3,0,0
2011/11/16,0.0,16.0,9.4,7.8,0,0
2011/11/17,0,19.4,9.5,9.1,0,0
2011/11/18,0.0,18.8,10.4,2.1,0,0
2011/11/19,105.0,22.3,17.3,0.0,0,0
2011/11/20,0.0,23.5,13.4,4.6,0,0
2011/11/21,0.5,16.7,9.3,5.0,0,0
2011/11/22,0,13.9,6.8,7.4,0,0
2011/11/23,1.0,15.0,8.0,7.8,0,0
2011/11/24,0,17.6,9.8,8.2,0,0
2011/11/25,0,15.6,7.8,9.4,0,0
2011/11/26,0,12.8,7.9,5.6,0,0
2011/11/27,0,15.2,6.8,4.8,0,0
2011/11/28,0,14.3,9.1,0.0,0,0
2011/11/29,0,17.2,12.0,0.5,0,0
2011/11/30,0.0,19.1,11.8,5.6,0,0
2011/12/1,4.5,12.6,4.8,0.0,0,0
2011/12/2,4.5,7.1,4.1,0.0,0,0
2011/12/3,19.5,20.0,6.7,0.2,0,0
2011/12/4,0,18.8,9.7,9.4,0,0
2011/12/5,0,16.0,7.9,9.3,0,0
2011/12/6,13.5,9.6,6.5,0.0,0,0
2011/12/7,0,12.1,6.5,7.3,0,0
2011/12/8,3.5,9.4,6.6,0.0,0,0
2011/12/9,4.5,7.7,3.2,2.1,0,0
2011/12/10,0,11.5,2.3,9.0,0,0
2011/12/11,0,13.7,3.2,9.6,0,0
2011/12/12,0,14.3,4.9,9.4,0,0
2011/12/13,0,13.4,7.0,9.3,0,0
2011/12/14,1.5,9.4,5.1,0.0,0,0
2011/12/15,0,15.2,4.9,9.2,0,0
2011/12/16,0.0,13.0,4.7,3.2,0,0
2011/12/17,0,10.4,3.0,9.5,0,0
2011/12/18,0,11.8,2.5,9.4,0,0
2011/12/19,0,9.8,3.2,8.6,0,0
2011/12/20,0,11.0,3.3,8.0,0,0
2011/12/21,0,9.5,2.8,6.9,0,0
2011/12/22,0,8.2,3.8,0.0,0,0
2011/12/23,0.0,7.5,4.0,0.1,0,0
2011/12/24,0,8.5,2.9,7.8,0,0
2011/12/25,0.0,8.7,2.6,7.0,0,0
2011/12/26,0,8.7,1.1,8.7,0,0
2011/12/27,0,10.1,1.5,9.3,0,0
2011/12/28,0,9.8,2.7,4.9,0,0
2011/12/29,0,10.6,2.0,9.0,0,0
2011/12/30,0,10.1,3.7,8.9,0,0
2011/12/31,0,10.2,4.3,4.6,0,0
2012/1/1,0.0,9.5,2.9,6.5,0,0
2012/1/2,0.0,11.5,3.4,5.3,0,0
2012/1/3,0,10.9,2.8,4.1,0,0
2012/1/4,0,12.4,1.6,7.5,0,0
2012/1/5,0,10.4,2.0,7.9,0,0
2012/1/6,0,8.9,1.8,5.3,0,0
2012/1/7,0,9.4,2.8,7.3,0,0
2012/1/8,0,10.3,2.1,4.0,0,0
2012/1/9,0,10.1,2.3,9.1,0,0
2012/1/10,0,10.1,2.7,8.2,0,0
2012/1/11,0.0,11.1,2.3,6.9,0,0
2012/1/12,0,7.1,0.2,6.3,0,0
2012/1/13,0,10.6,0.6,8.8,0,0
2012/1/14,0,8.4,2.8,4.0,0,0
2012/1/15,0,6.0,2.4,0.8,0,0
2012/1/16,0,5.6,3.3,0.0,0,0
2012/1/17,0,7.7,3.2,4.9,0,0
2012/1/18,0,8.8,0.7,7.5,0,0
2012/1/19,0.0,10.4,2.3,3.1,0,0
2012/1/20,8.0,5.5,1.4,0.0,0,0
2012/1/21,9.5,3.6,2.4,0.0,0,0
2012/1/22,4.0,8.4,3.5,0.6,0,0
2012/1/23,3.0,8.7,0.7,0.1,0,0
2012/1/24,0.0,5.8,1.1,5.0,0,0
2012/1/25,0,9.5,-0.4,7.4,0,0
2012/1/26,0,6.5,0.6,8.4,0,0
2012/1/27,0.0,8.9,-1.3,8.9,0,0
2012/1/28,0,6.2,-0.2,7.2,0,0
2012/1/29,0,7.5,0.8,5.3,0,0
2012/1/30,0,6.7,0.2,8.5,0,0
2012/1/31,0,9.0,0.2,10.0,0,0
2012/2/1,0,12.2,0.7,8.9,0,0
2012/2/2,0,5.9,0.2,6.8,0,0
2012/2/3,0,6.7,-1.9,9.3,0,0
2012/2/4,0,12.2,-0.8,10.0,0,0
2012/2/5,0,7.9,2.6,1.1,0,0
2012/2/6,7.5,5.4,3.6,0.0,0,0
2012/2/7,46.5,16.9,4.6,0.0,0,0
2012/2/8,0.0,9.3,3.9,2.6,0,0
2012/2/9,0,9.9,1.7,9.3,0,0
2012/2/10,0,9.0,2.3,9.1,0,0
2012/2/11,0.0,8.9,2.0,7.3,0,0
2012/2/12,0,9.9,1.2,10.3,0,0
2012/2/13,0.0,9.6,2.0,5.1,0,0
2012/2/14,3.0,6.6,3.6,0.0,0,0
2012/2/15,0,11.0,4.7,0.3,0,0
2012/2/16,0.0,4.7,1.6,0.0,0,0
2012/2/17,2.5,9.5,1.7,5.7,0,0
2012/2/18,0.0,7.1,0.3,10.1,0,0
2012/2/19,0,7.5,-0.1,7.2,0,0
2012/2/20,0,10.1,0.4,10.5,0,0
2012/2/21,0,12.1,2.1,10.3,0,0
2012/2/22,0.0,9.4,5.7,1.5,0,0
2012/2/23,35.0,10.6,4.5,0.5,0,0
2012/2/24,0.0,15.4,7.5,5.7,0,0
2012/2/25,18.5,9.6,3.6,0.0,0,0
2012/2/26,0.0,7.7,3.6,0.0,0,0
2012/2/27,0,9.7,2.0,7.8,0,0
2012/2/28,0.0,6.5,0.4,5.3,0,0
2012/2/29,16.0,4.9,0.4,0.0,5,5
2012/3/1,0,11.6,2.6,2.2,0,0
2012/3/2,17.0,8.9,4.2,0.0,0,0
2012/3/3,0.0,10.7,3.8,6.8,0,0
2012/3/4,0.5,6.7,3.5,0.0,0,0
2012/3/5,42.5,9.9,2.4,0.0,0,0
2012/3/6,12.0,14.9,8.2,4.7,0,0
2012/3/7,0.0,13.8,10.6,0.0,0,0
2012/3/8,1.0,10.7,7.3,0.0,0,0
2012/3/9,30.5,8.8,5.3,0.0,0,0
2012/3/10,18.5,7.2,2.6,0.1,0,0
2012/3/11,0.0,10.9,4.4,3.8,0,0
2012/3/12,0.0,12.3,2.9,7.6,0,0
2012/3/13,0,11.6,2.3,9.5,0,0
2012/3/14,0,10.8,3.2,9.9,0,0
2012/3/15,0,13.6,3.3,10.7,0,0
2012/3/16,0,11.5,3.4,9.7,0,0
2012/3/17,56.0,11.3,5.0,0.0,0,0
2012/3/18,1.0,12.2,6.8,0.0,0,0
2012/3/19,0.0,12.1,6.1,6.0,0,0
2012/3/20,0.0,12.0,3.7,9.3,0,0
2012/3/21,0.0,13.3,4.5,9.3,0,0
2012/3/22,0,14.3,3.9,4.6,0,0
2012/3/23,19.5,11.6,7.5,0.0,0,0
2012/3/24,6.0,10.5,6.9,0.0,0,0
2012/3/25,0,13.1,5.0,9.3,0,0
2012/3/26,0.0,12.0,4.2,8.0,0,0
2012/3/27,0,14.0,3.9,11.1,0,0
2012/3/28,0.5,18.1,5.9,8.8,0,0
2012/3/29,0,16.6,6.5,11.9,0,0
2012/3/30,0,18.9,11.6,3.6,0,0
2012/3/31,12.0,19.4,7.1,1.8,0,0
2012/4/1,0,15.1,5.0,9.7,0,0
2012/4/2,0,15.9,6.0,11.4,0,0
2012/4/3,40.0,16.6,9.8,3.2,0,0
2012/4/4,0,17.2,7.7,11.5,0,0
2012/4/5,0.0,19.3,10.0,10.3,0,0
2012/4/6,0.5,14.4,6.7,4.1,0,0
2012/4/7,0,13.7,4.9,7.4,0,0
2012/4/8,0,14.3,4.8,11.2,0,0
2012/4/9,0,22.8,8.0,11.8,0,0
2012/4/10,0,20.3,11.4,10.5,0,0
2012/4/11,30.0,18.4,12.2,0.0,0,0
2012/4/12,0,22.3,11.0,11.9,0,0
2012/4/13,2.0,22.0,12.5,6.8,0,0
2012/4/14,34.0,13.9,8.5,0.0,0,0
2012/4/15,0,15.0,8.1,9.4,0,0
2012/4/16,0,16.9,8.5,5.1,0,0
2012/4/17,0.5,18.4,12.0,3.9,0,0
2012/4/18,0.0,19.6,10.4,9.3,0,0
2012/4/19,0.0,18.0,12.2,3.2,0,0
2012/4/20,0.0,16.2,11.7,0.0,0,0
2012/4/21,0,16.7,10.7,3.0,0,0
2012/4/22,9.5,13.6,9.7,0.0,0,0
2012/4/23,25.0,14.8,10.1,0.0,0,0
2012/4/24,22.5,23.4,13.3,10.5,0,0
2012/4/25,0.0,22.0,14.3,2.7,0,0
2012/4/26,3.0,20.3,15.5,0.0,0,0
2012/4/27,35.0,16.9,15.4,0.0,0,0
2012/4/28,0.0,22.8,15.1,7.7,0,0
2012/4/29,0.0,25.9,15.0,9.9,0,0
2012/4/30,0.0,22.2,17.9,0.0,0,0
2012/5/1,1.0,23.7,17.8,2.4,0,0
2012/5/2,43.0,19.6,16.6,0.0,0,0
2012/5/3,103.5,18.2,16.2,0.0,0,0
2012/5/4,8.5,22.6,16.9,2.5,0,0
2012/5/5,0,26.1,15.1,12.7,0,0
2012/5/6,0.0,25.6,15.5,8.7,0,0
2012/5/7,0,23.4,13.8,11.6,0,0
2012/5/8,0,23.6,15.3,6.6,0,0
2012/5/9,1.0,20.8,15.8,0.0,0,0
2012/5/10,6.0,21.6,13.6,7.6,0,0
2012/5/11,0.0,21.7,11.2,8.7,0,0
2012/5/12,0,20.6,12.5,3.4,0,0
2012/5/13,0,21.0,10.8,12.0,0,0
2012/5/14,0,24.7,14.4,10.9,0,0
2012/5/15,14.0,20.4,16.9,0.0,0,0
2012/5/16,0.0,27.0,16.5,10.7,0,0
2012/5/17,0.0,26.4,17.6,7.6,0,0
2012/5/18,16.5,21.9,14.7,5.6,0,0
2012/5/19,0,24.8,13.6,11.5,0,0
2012/5/20,0,24.5,17.3,4.1,0,0
2012/5/21,0.0,24.0,16.3,7.1,0,0
2012/5/22,41.5,16.3,12.6,0.0,0,0
2012/5/23,0.0,24.4,12.7,8.5,0,0
2012/5/24,0,25.2,16.9,10.1,0,0
2012/5/25,0.0,22.2,17.6,0.4,0,0
2012/5/26,0,26.2,16.7,9.7,0,0
2012/5/27,0,26.9,17.3,12.2,0,0
2012/5/28,2.0,25.3,18.1,9.2,0,0
2012/5/29,0.5,25.5,16.7,5.7,0,0
2012/5/30,0,24.0,15.9,9.6,0,0
2012/5/31,0,24.0,17.3,5.8,0,0
2012/6/1,1.0,25.9,18.0,4.1,0,0
2012/6/2,0,25.3,18.0,5.1,0,0
2012/6/3,0.0,24.4,17.9,4.6,0,0
2012/6/4,0,26.6,17.3,10.7,0,0
2012/6/5,0.0,22.4,17.3,0.0,0,0
2012/6/6,6.5,21.8,16.5,1.0,0,0
2012/6/7,0,24.7,16.2,8.4,0,0
2012/6/8,0.5,27.7,18.3,11.3,0,0
2012/6/9,36.5,20.8,17.7,0.0,0,0
2012/6/10,0.0,26.9,17.9,6.4,0,0
2012/6/11,2.5,22.2,17.3,0.0,0,0
2012/6/12,13.5,18.3,15.6,0.0,0,0
2012/6/13,1.5,20.4,14.8,0.9,0,0
2012/6/14,0,23.1,15.6,8.7,0,0
2012/6/15,0.0,24.5,16.1,9.1,0,0
2012/6/16,5.5,21.5,18.8,0.0,0,0
2012/6/17,22.5,27.2,19.5,2.7,0,0
2012/6/18,0,27.3,22.2,4.1,0,0
2012/6/19,70.0,25.3,21.3,0.1,0,0
2012/6/20,0.0,29.2,22.4,4.5,0,0
2012/6/21,1.0,25.5,21.2,0.3,0,0
2012/6/22,71.0,22.6,18.3,0.0,0,0
2012/6/23,0,24.8,19.4,0.9,0,0
2012/6/24,0.5,25.9,19.9,3.0,0,0
2012/6/25,1.0,19.9,16.7,0.0,0,0
2012/6/26,0,23.3,15.7,13.3,0,0
2012/6/27,0,25.1,16.4,9.2,0,0
2012/6/28,0.0,24.9,18.4,3.1,0,0
2012/6/29,0,26.4,20.4,6.7,0,0
2012/6/30,0,26.7,19.9,10.5,0,0
2012/7/1,6.5,23.9,19.6,0.6,0,0
2012/7/2,8.5,25.4,19.3,3.9,0,0
2012/7/3,30.0,28.1,21.2,2.1,0,0
2012/7/4,1.0,29.5,20.6,9.7,0,0
2012/7/5,0,28.3,22.9,1.0,0,0
2012/7/6,2.5,28.0,22.7,0.7,0,0
2012/7/7,5.0,27.1,20.6,0.2,0,0
2012/7/8,1.5,25.7,20.1,4.9,0,0
2012/7/9,0,29.1,19.9,11.1,0,0
2012/7/10,0,30.9,21.9,12.8,0,0
2012/7/11,0,29.8,22.5,12.3,0,0
2012/7/12,0.5,26.6,25.1,0.0,0,0
2012/7/13,1.5,29.5,23.9,3.5,0,0
2012/7/14,54.0,30.7,24.5,4.8,0,0
2012/7/15,0.0,30.0,25.4,4.7,0,0
2012/7/16,0.0,31.3,25.6,9.8,0,0
2012/7/17,0,33.2,25.6,11.2,0,0
2012/7/18,0.0,31.9,25.1,8.1,0,0
2012/7/19,0.5,34.3,22.5,8.5,0,0
2012/7/20,27.0,22.6,18.2,0.0,0,0
2012/7/21,3.5,21.1,17.6,0.0,0,0
2012/7/22,3.5,22.9,18.9,0.0,0,0
2012/7/23,0.5,28.9,21.1,7.5,0,0
2012/7/24,0.0,31.1,23.3,2.6,0,0
2012/7/25,0.0,32.4,24.1,7.5,0,0
2012/7/26,0,34.8,25.5,11.7,0,0
2012/7/27,0,33.6,26.2,10.4,0,0
2012/7/28,0,33.2,25.9,8.8,0,0
2012/7/29,0,32.5,26.5,12.0,0,0
2012/7/30,0,33.1,26.2,12.6,0,0
2012/7/31,0,33.3,25.0,12.2,0,0
2012/8/1,0.0,32.5,25.6,7.8,0,0
2012/8/2,0,33.7,26.0,13.1,0,0
2012/8/3,0,32.8,25.9,11.8,0,0
2012/8/4,2.5,31.3,25.7,1.5,0,0
2012/8/5,0.0,33.2,25.6,10.5,0,0
2012/8/6,8.5,29.5,24.1,0.3,0,0
2012/8/7,0.0,31.3,24.7,8.0,0,0
2012/8/8,0.0,29.4,23.8,7.4,0,0
2012/8/9,0,29.3,23.0,11.1,0,0
2012/8/10,0,31.2,23.1,7.6,0,0
2012/8/11,0.0,31.2,26.4,4.1,0,0
2012/8/12,0.0,31.5,25.6,5.4,0,0
2012/8/13,0.0,32.5,25.1,10.2,0,0
2012/8/14,2.5,29.1,25.2,2.1,0,0
2012/8/15,0.0,31.7,25.8,4.0,0,0
2012/8/16,0,32.4,26.5,10.6,0,0
2012/8/17,0,34.6,26.1,9.5,0,0
2012/8/18,4.5,30.7,24.7,4.4,0,0
2012/8/19,0,32.6,24.8,11.6,0,0
2012/8/20,0,33.6,24.5,12.6,0,0
2012/8/21,0,33.9,25.0,12.7,0,0
2012/8/22,0,33.5,26.2,12.0,0,0
2012/8/23,0,34.1,25.8,12.4,0,0
2012/8/24,0,33.6,26.0,11.5,0,0
2012/8/25,0,33.9,25.6,11.8,0,0
2012/8/26,0,34.2,25.7,11.7,0,0
2012/8/27,0,33.5,25.8,11.6,0,0
2012/8/28,0,33.7,26.3,8.7,0,0
2012/8/29,0,32.6,25.5,8.8,0,0
2012/8/30,0,34.4,25.9,11.7,0,0
2012/8/31,0,31.7,26.3,6.8,0,0
2012/9/1,10.0,30.9,24.2,6.9,0,0
2012/9/2,42.5,28.9,22.5,1.9,0,0
2012/9/3,9.0,31.0,22.5,6.5,0,0
2012/9/4,15.0,30.9,23.0,3.7,0,0
2012/9/5,0,32.2,23.9,8.9,0,0
2012/9/6,9.5,32.0,22.6,8.7,0,0
2012/9/7,0.0,31.0,22.9,9.2,0,0
2012/9/8,0.0,32.0,24.9,8.6,0,0
2012/9/9,0,32.7,24.8,10.8,0,0
2012/9/10,0,32.5,24.7,10.4,0,0
2012/9/11,2.0,32.6,22.7,11.3,0,0
2012/9/12,2.0,31.0,23.1,11.0,0,0
2012/9/13,0,32.5,24.3,10.1,0,0
2012/9/14,0.0,31.2,24.8,6.4,0,0
2012/9/15,0.0,30.1,24.7,8.6,0,0
2012/9/16,3.0,30.1,24.4,3.9,0,0
2012/9/17,19.5,30.5,24.1,5.2,0,0
2012/9/18,10.0,30.1,24.5,4.4,0,0
2012/9/19,22.5,27.6,23.9,0.0,0,0
2012/9/20,0.0,30.4,24.1,10.4,0,0
2012/9/21,0.0,28.7,23.3,4.6,0,0
2012/9/22,29.5,26.1,20.4,1.9,0,0
2012/9/23,77.0,22.1,18.0,0.0,0,0
2012/9/24,71.5,27.1,18.9,9.3,0,0
2012/9/25,6.5,21.8,17.9,0.0,0,0
2012/9/26,0,25.4,18.6,7.3,0,0
2012/9/27,0.0,24.5,18.3,5.1,0,0
2012/9/28,0.0,24.4,19.7,0.7,0,0
2012/9/29,0,28.5,21.0,6.7,0,0
2012/9/30,12.5,28.8,22.0,6.1,0,0
2012/10/1,0,29.6,23.2,11.3,0,0
2012/10/2,0.0,26.4,21.2,6.9,0,0
2012/10/3,16.5,21.6,17.9,0.0,0,0
2012/10/4,0.5,28.3,17.6,6.6,0,0
2012/10/5,0,27.3,20.2,8.3,0,0
2012/10/6,4.5,27.2,21.2,5.0,0,0
2012/10/7,5.5,21.4,17.4,1.9,0,0
2012/10/8,0,23.4,17.7,6.9,0,0
2012/10/9,0,23.3,16.6,2.7,0,0
2012/10/10,0.0,23.1,15.6,5.4,0,0
2012/10/11,0.0,25.1,17.2,5.3,0,0
2012/10/12,0.0,24.1,17.8,5.6,0,0
2012/10/13,0,25.4,16.1,9.3,0,0
2012/10/14,0.5,19.2,16.1,0.0,0,0
2012/10/15,0,25.2,16.3,5.6,0,0
2012/10/16,0,22.3,15.8,10.6,0,0
2012/10/17,38.0,21.9,14.6,2.8,0,0
2012/10/18,26.5,20.7,14.1,0.1,0,0
2012/10/19,17.0,21.0,12.3,8.5,0,0
2012/10/20,0,21.6,14.6,5.5,0,0
2012/10/21,0,24.4,14.1,10.5,0,0
2012/10/22,0.0,23.7,14.7,8.6,0,0
2012/10/23,12.0,24.1,13.6,1.7,0,0
2012/10/24,0,21.1,13.2,9.8,0,0
2012/10/25,0.0,18.9,13.9,1.0,0,0
2012/10/26,0,21.9,13.2,10.0,0,0
2012/10/27,0.0,20.4,15.1,5.3,0,0
2012/10/28,23.5,16.3,13.7,0.1,0,0
2012/10/29,22.5,22.2,13.9,9.0,0,0
2012/10/30,0,17.3,12.4,1.2,0,0
2012/10/31,0,19.0,11.3,8.2,0,0
2012/11/1,0,21.0,10.2,9.6,0,0
2012/11/2,0,19.5,11.1,8.0,0,0
2012/11/3,0,18.0,12.0,2.1,0,0
2012/11/4,0,19.1,10.4,9.7,0,0
2012/11/5,0.5,16.0,10.6,0.8,0,0
2012/11/6,49.5,15.2,12.1,0.0,0,0
2012/11/7,0,20.2,12.8,7.3,0,0
2012/11/8,0,19.5,10.5,8.5,0,0
2012/11/9,0,19.6,12.4,8.2,0,0
2012/11/10,0,19.9,11.3,9.8,0,0
2012/11/11,21.5,14.3,10.9,0.0,0,0
2012/11/12,13.0,20.9,11.9,3.5,0,0
2012/11/13,0,18.2,12.0,4.5,0,0
2012/11/14,0.0,17.5,9.1,8.7,0,0
2012/11/15,0,15.9,7.0,9.9,0,0
2012/11/16,0,16.1,9.0,10.0,0,0
2012/11/17,48.5,17.8,11.0,0.0,0,0
2012/11/18,0,17.2,9.4,7.7,0,0
2012/11/19,0.0,11.4,6.9,3.2,0,0
2012/11/20,0,16.8,5.7,9.3,0,0
2012/11/21,0,14.8,8.4,9.1,0,0
2012/11/22,2.0,12.7,6.7,1.2,0,0
2012/11/23,4.5,13.4,8.3,0.0,0,0
2012/11/24,0.0,12.6,8.7,3.5,0,0
2012/11/25,0,12.1,5.5,9.5,0,0
2012/11/26,39.0,11.2,6.6,0.0,0,0
2012/11/27,0,13.8,7.0,8.8,0,0
2012/11/28,0.0,8.2,6.1,0.9,0,0
2012/11/29,0.5,15.8,4.3,6.3,0,0
2012/11/30,0,12.9,8.6,0.5,0,0
2012/12/1,0.0,11.8,4.6,2.8,0,0
2012/12/2,2.5,8.7,3.4,3.7,0,0
2012/12/3,0.0,8.8,3.2,0.0,0,0
2012/12/4,0.5,12.9,8.2,0.3,0,0
2012/12/5,0,12.8,5.9,7.7,0,0
2012/12/6,1.5,16.6,6.9,8.2,0,0
2012/12/7,0,11.4,4.9,8.9,0,0
2012/12/8,0,15.7,4.7,9.3,0,0
2012/12/9,0,10.4,2.9,8.4,0,0
2012/12/10,0,10.9,1.2,9.4,0,0
2012/12/11,0,12.0,2.4,9.6,0,0
2012/12/12,0,11.1,2.8,9.3,0,0
2012/12/13,0,12.0,2.4,9.5,0,0
2012/12/14,0,12.1,2.6,7.1,0,0
2012/12/15,7.0,11.4,5.6,0.0,0,0
2012/12/16,0.0,18.1,7.4,9.1,0,0
2012/12/17,1.5,9.5,5.9,0.1,0,0
2012/12/18,1.0,15.4,7.1,4.3,0,0
2012/12/19,0.0,9.0,3.5,3.5,0,0
2012/12/20,0,10.0,2.6,4.7,0,0
2012/12/21,0,9.2,2.8,4.0,0,0
2012/12/22,22.0,9.6,3.0,0.3,0,0
2012/12/23,0.0,9.6,4.1,1.5,0,0
2012/12/24,0,8.3,2.9,5.5,0,0
2012/12/25,0,10.4,0.4,9.4,0,0
2012/12/26,0,7.5,0.9,9.3,0,0
2012/12/27,0,6.9,0.7,7.9,0,0
2012/12/28,5.5,7.5,1.2,0.6,0,0
2012/12/29,5.0,11.7,3.0,5.3,0,0
2012/12/30,55.0,8.9,5.9,0.0,0,0
2012/12/31,0.5,11.3,4.6,3.5,0,0
2013/1/1,0,10.3,1.8,8.3,0,0
2013/1/2,0,13.6,5.5,9.0,0,0
2013/1/3,0,9.5,1.9,3.1,0,0
2013/1/4,0,7.0,0.4,9.1,0,0
2013/1/5,0,5.2,1.1,1.4,0,0
2013/1/6,0,9.5,-0.5,6.0,0,0
2013/1/7,0,7.6,3.1,3.6,0,0
2013/1/8,0,10.8,2.0,9.1,0,0
2013/1/9,0,9.9,4.2,6.1,0,0
2013/1/10,0,8.3,3.3,6.8,0,0
2013/1/11,0,9.1,1.1,9.2,0,0
2013/1/12,0,12.9,0.6,7.8,0,0
2013/1/13,0,12.7,1.9,8.6,0,0
2013/1/14,64.0,9.3,0.3,0.0,13,13
2013/1/15,0,7.5,2.5,7.9,8,0
2013/1/16,0,6.7,1.9,4.1,5,0
2013/1/17,0,8.5,0.7,7.1,3,0
2013/1/18,0,7.2,0.4,9.9,0,0
2013/1/19,0,9.8,0.0,9.8,0,0
2013/1/20,0,10.9,1.6,9.4,0,0
2013/1/21,1.5,9.9,2.9,7.5,0,0
2013/1/22,5.0,9.2,2.8,1.8,0,0
2013/1/23,1.5,8.7,2.9,0.7,0,0
2013/1/24,1.5,9.0,2.1,6.0,0,0
2013/1/25,0,12.2,2.9,9.4,0,0
2013/1/26,0,8.3,0.7,9.6,0,0
2013/1/27,0,9.1,0.2,10.0,0,0
2013/1/28,0.0,11.2,0.8,8.5,0,0
2013/1/29,0,11.8,2.1,10.0,0,0
2013/1/30,0,14.5,2.9,9.0,0,0
2013/1/31,0,8.5,1.4,9.9,0,0
2013/2/1,0.0,12.4,2.1,4.5,0,0
2013/2/2,8.5,20.3,11.7,4.7,0,0
2013/2/3,0,12.0,6.0,6.8,0,0
2013/2/4,0.0,15.0,6.1,2.3,0,0
2013/2/5,0.0,10.8,5.6,0.8,0,0
2013/2/6,15.0,8.9,1.7,0.0,0,0
2013/2/7,0.0,14.7,3.0,5.5,0,0
2013/2/8,0,7.6,1.8,4.2,0,0
2013/2/9,0,8.6,1.2,7.6,0,0
2013/2/10,0,10.3,1.7,9.9,0,0
2013/2/11,0,9.6,2.0,9.0,0,0
2013/2/12,0.0,6.5,0.7,0.3,0,0
2013/2/13,9.0,12.7,1.1,9.6,0,0
2013/2/14,0.0,9.5,4.7,2.1,0,0
2013/2/15,4.5,6.3,3.0,0.0,0,0
2013/2/16,0,6.2,0.6,7.3,0,0
2013/2/17,0,7.8,0.1,8.6,0,0
2013/2/18,5.5,8.4,2.0,0.0,0,0
2013/2/19,7.5,8.6,0.8,0.0,0,0
2013/2/20,0,7.3,1.3,5.9,0,0
2013/2/21,0,8.0,0.3,6.5,0,0
2013/2/22,0,9.9,0.7,7.7,0,0
2013/2/23,0.0,8.9,2.7,8.1,0,0
2013/2/24,0,9.3,0.2,10.8,0,0
2013/2/25,0,8.7,-0.4,10.1,0,0
2013/2/26,0.0,9.0,0.0,10.4,0,0
2013/2/27,6.5,8.5,2.3,0.0,0,0
2013/2/28,0,14.2,3.6,9.5,0,0
2013/3/1,10.5,17.4,10.0,2.1,0,0
2013/3/2,0.0,12.6,5.0,6.8,0,0
2013/3/3,0.0,8.9,3.6,1.9,0,0
2013/3/4,0.0,9.8,4.4,4.8,0,0
2013/3/5,0,13.3,3.0,10.9,0,0
2013/3/6,0,18.3,4.3,10.8,0,0
2013/3/7,0,18.7,7.7,7.1,0,0
2013/3/8,0,22.4,13.3,9.5,0,0
2013/3/9,0,22.4,12.7,10.5,0,0
2013/3/10,0,23.8,5.5,6.9,0,0
2013/3/11,0,12.4,3.6,11.1,0,0
2013/3/12,0,16.7,4.6,10.3,0,0
2013/3/13,1.0,21.0,12.7,8.4,0,0
2013/3/14,5.5,17.6,5.8,0.0,0,0
2013/3/15,0,14.3,5.3,10.0,0,0
2013/3/16,0,18.4,6.9,10.6,0,0
2013/3/17,0,16.8,6.9,9.1,0,0
2013/3/18,2.0,20.9,13.9,4.7,0,0
2013/3/19,0.0,24.5,15.9,10.6,0,0
2013/3/20,1.0,21.4,14.9,5.1,0,0
2013/3/21,0,16.7,7.4,10.5,0,0
2013/3/22,0.0,18.9,7.9,10.0,0,0
2013/3/23,0.0,18.2,11.2,5.3,0,0
2013/3/24,0.0,13.8,9.9,3.3,0,0
2013/3/25,0.5,11.2,7.1,0.3,0,0
2013/3/26,0.0,12.4,5.0,6.0,0,0
2013/3/27,4.5,10.1,5.7,0.0,0,0
2013/3/28,0.0,20.3,8.6,6.9,0,0
2013/3/29,0.0,20.2,12.5,3.0,0,0
2013/3/30,0.0,12.5,8.6,0.0,0,0
2013/3/31,1.5,9.2,6.8,0.0,0,0
2013/4/1,0.5,15.1,6.7,7.1,0,0
2013/4/2,73.0,11.6,8.0,0.0,0,0
2013/4/3,38.0,15.9,11.0,0.5,0,0
2013/4/4,0,21.4,9.5,8.3,0,0
2013/4/5,0,22.6,13.1,9.6,0,0
2013/4/6,97.0,20.1,15.0,0.8,0,0
2013/4/7,3.0,22.1,12.1,9.7,0,0
2013/4/8,0,19.3,10.0,12.0,0,0
2013/4/9,0,21.0,10.2,8.3,0,0
2013/4/10,0,17.3,8.4,4.2,0,0
2013/4/11,0.0,13.1,6.4,7.7,0,0
2013/4/12,0.0,17.6,6.8,10.9,0,0
2013/4/13,0,16.7,7.4,12.0,0,0
2013/4/14,0,20.6,11.0,6.7,0,0
2013/4/15,0,24.5,12.5,11.8,0,0
2013/4/16,0,21.4,10.9,10.7,0,0
2013/4/17,0,21.9,18.6,0.6,0,0
2013/4/18,0,23.3,15.6,10.0,0,0
2013/4/19,0,18.9,9.9,0.4,0,0
2013/4/20,9.5,10.8,5.8,0.0,0,0
2013/4/21,33.0,10.4,5.1,0.0,0,0
2013/4/22,0,16.7,6.8,8.7,0,0
2013/4/23,0,19.0,7.9,9.4,0,0
2013/4/24,24.0,18.1,15.0,0.0,0,0
2013/4/25,3.0,21.8,13.2,5.6,0,0
2013/4/26,0.0,23.1,11.5,10.4,0,0
2013/4/27,0,20.8,9.9,9.3,0,0
2013/4/28,0,21.0,11.3,12.5,0,0
2013/4/29,0,22.1,11.7,11.3,0,0
2013/4/30,0.0,21.4,16.1,0.3,0,0
2013/5/1,10.0,17.9,10.6,4.0,0,0
2013/5/2,3.5,19.2,9.7,6.8,0,0
2013/5/3,0,18.4,11.0,9.3,0,0
2013/5/4,0,20.7,11.2,12.5,0,0
2013/5/5,0,22.0,13.5,11.7,0,0
2013/5/6,0.0,24.6,14.8,12.0,0,0
2013/5/7,0,20.6,10.7,12.8,0,0
2013/5/8,0,21.1,9.1,12.9,0,0
2013/5/9,0,24.1,12.7,12.8,0,0
2013/5/10,0.0,26.8,15.7,7.0,0,0
2013/5/11,25.5,20.1,17.1,0.0,0,0
2013/5/12,2.0,25.0,16.1,10.4,0,0
2013/5/13,0,24.1,16.8,6.7,0,0
2013/5/14,0,27.5,17.0,12.0,0,0
2013/5/15,0,24.8,17.4,8.8,0,0
2013/5/16,12.5,25.0,15.2,6.2,0,0
2013/5/17,0.0,22.6,13.5,12.2,0,0
2013/5/18,0,24.0,15.7,8.6,0,0
2013/5/19,3.5,22.9,16.6,5.9,0,0
2013/5/20,16.0,20.2,15.9,0.0,0,0
2013/5/21,0,26.6,19.4,7.5,0,0
2013/5/22,0,26.5,18.8,10.6,0,0
2013/5/23,0.0,24.9,18.3,10.2,0,0
2013/5/24,0,26.7,16.9,12.7,0,0
2013/5/25,0.0,23.0,14.7,4.8,0,0
2013/5/26,0.0,25.9,18.2,8.8,0,0
2013/5/27,0,25.7,18.4,7.8,0,0
2013/5/28,0.0,24.9,19.4,2.2,0,0
2013/5/29,0.0,25.0,19.8,1.3,0,0
2013/5/30,2.0,22.0,19.4,0.0,0,0
2013/5/31,0.5,25.8,18.4,9.8,0,0
2013/6/1,0,22.9,16.9,7.0,0,0
2013/6/2,0,22.5,15.1,7.6,0,0
2013/6/3,0,24.5,14.8,8.2,0,0
2013/6/4,0,27.8,17.5,13.2,0,0
2013/6/5,0,26.6,18.6,11.2,0,0
2013/6/6,0.0,24.2,19.2,0.7,0,0
2013/6/7,0.0,24.3,19.2,3.9,0,0
2013/6/8,0.0,25.9,18.5,6.3,0,0
2013/6/9,0,27.4,19.2,8.8,0,0
2013/6/10,0.0,26.4,19.7,1.9,0,0
2013/6/11,5.0,21.9,19.5,0.0,0,0
2013/6/12,15.0,22.3,18.7,0.0,0,0
2013/6/13,37.0,21.6,20.3,0.0,0,0
2013/6/14,4.0,26.6,20.2,1.3,0,0
2013/6/15,0.0,30.0,21.7,7.2,0,0
2013/6/16,37.0,25.1,21.1,4.1,0,0
2013/6/17,0.0,29.0,20.7,7.9,0,0
2013/6/18,0,30.3,22.8,5.6,0,0
2013/6/19,1.0,26.8,23.1,0.0,0,0
2013/6/20,14.5,23.1,19.6,0.0,0,0
2013/6/21,12.5,23.2,18.7,0.0,0,0
2013/6/22,0.0,26.0,18.0,7.4,0,0
2013/6/23,0,27.3,19.7,7.1,0,0
2013/6/24,0.5,27.1,20.1,4.6,0,0
2013/6/25,0.0,26.6,21.1,1.0,0,0
2013/6/26,55.0,22.5,19.1,0.0,0,0
2013/6/27,1.5,26.5,18.3,10.1,0,0
2013/6/28,0.0,26.1,18.8,2.7,0,0
2013/6/29,0,27.9,20.7,4.5,0,0
2013/6/30,0,28.0,21.4,9.5,0,0
2013/7/1,0.0,25.5,21.3,1.6,0,0
2013/7/2,0.0,27.7,20.0,11.1,0,0
2013/7/3,0.0,26.2,21.3,1.3,0,0
2013/7/4,2.5,25.8,22.5,0.4,0,0
2013/7/5,25.0,27.2,23.5,0.1,0,0
2013/7/6,0,31.2,24.5,7.8,0,0
2013/7/7,0,32.8,25.1,13.1,0,0
2013/7/8,0.0,34.7,24.7,10.9,0,0
2013/7/9,0,33.9,25.1,11.8,0,0
2013/7/10,0,33.6,25.3,11.2,0,0
2013/7/11,0,33.5,26.5,11.3,0,0
2013/7/12,0,34.4,26.6,12.2,0,0
2013/7/13,0.0,33.3,26.0,2.9,0,0
2013/7/14,0.0,33.5,25.5,5.2,0,0
2013/7/15,0.0,35.3,23.1,6.4,0,0
2013/7/16,0.0,29.1,22.3,3.4,0,0
2013/7/17,1.5,28.8,22.1,1.4,0,0
2013/7/18,1.5,33.0,23.0,8.8,0,0
2013/7/19,0.0,30.0,21.6,10.6,0,0
2013/7/20,0.0,27.0,21.4,6.9,0,0
2013/7/21,0,28.5,20.9,7.8,0,0
2013/7/22,0.0,29.0,23.3,1.5,0,0
2013/7/23,29.0,32.1,23.8,4.0,0,0
2013/7/24,5.0,25.9,23.6,0.0,0,0
2013/7/25,0.0,29.5,23.8,2.7,0,0
2013/7/26,0.0,31.9,24.0,3.9,0,0
2013/7/27,11.5,32.1,22.2,8.2,0,0
2013/7/28,0.0,30.7,22.5,8.0,0,0
2013/7/29,4.0,26.6,24.0,0.0,0,0
2013/7/30,0.0,30.6,24.5,1.7,0,0
2013/7/31,0.0,29.9,24.6,0.6,0,0
2013/8/1,1.0,31.7,24.5,5.3,0,0
2013/8/2,0.0,28.6,23.4,3.4,0,0
2013/8/3,0.0,30.4,23.1,5.6,0,0
2013/8/4,0,31.1,23.9,3.5,0,0
2013/8/5,0,32.6,25.9,9.9,0,0
2013/8/6,0.5,31.4,26.5,1.3,0,0
2013/8/7,0,34.1,25.3,12.3,0,0
2013/8/8,0,33.7,26.4,9.4,0,0
2013/8/9,0,34.2,26.6,10.1,0,0
2013/8/10,0,36.7,27.6,11.0,0,0
2013/8/11,0.0,37.4,28.4,9.6,0,0
2013/8/12,1.5,35.1,27.8,9.5,0,0
2013/8/13,2.5,33.6,25.3,9.6,0,0
2013/8/14,0,34.6,26.5,10.8,0,0
2013/8/15,0,34.2,25.4,10.3,0,0
2013/8/16,0,34.0,26.6,7.8,0,0
2013/8/17,0,32.8,26.2,10.3,0,0
2013/8/18,0,33.2,26.5,12.5,0,0
2013/8/19,0,34.2,26.9,12.4,0,0
2013/8/20,0,33.9,27.2,10.4,0,0
2013/8/21,6.0,33.7,26.9,3.8,0,0
2013/8/22,0,32.7,25.5,6.2,0,0
2013/8/23,28.5,32.7,24.7,0.6,0,0
2013/8/24,3.5,32.1,24.6,1.0,0,0
2013/8/25,12.0,26.4,21.8,0.1,0,0
2013/8/26,0.0,28.8,22.5,3.4,0,0
2013/8/27,24.0,29.6,19.6,10.6,0,0
2013/8/28,0,32.1,22.3,11.9,0,0
2013/8/29,0,31.2,23.9,8.2,0,0
2013/8/30,0.0,34.6,26.8,10.3,0,0
2013/8/31,0,33.7,26.9,11.4,0,0
2013/9/1,0.0,34.3,26.5,11.0,0,0
2013/9/2,0,32.6,25.4,10.9,0,0
2013/9/3,0,33.5,26.1,8.7,0,0
2013/9/4,15.0,30.8,23.7,3.9,0,0
2013/9/5,36.5,28.1,24.6,1.7,0,0
2013/9/6,0.0,28.4,24.0,2.3,0,0
2013/9/7,0.0,29.4,23.4,4.7,0,0
2013/9/8,7.0,29.9,21.7,0.6,0,0
2013/9/9,0.0,27.8,21.5,6.4,0,0
2013/9/10,2.0,26.9,22.1,0.8,0,0
2013/9/11,2.5,26.3,21.8,0.3,0,0
2013/9/12,0,31.3,22.5,11.4,0,0
2013/9/13,0,31.5,23.8,8.1,0,0
2013/9/14,0.0,31.2,25.4,2.2,0,0
2013/9/15,80.0,30.6,22.8,1.1,0,0
2013/9/16,17.0,28.4,22.0,0.1,0,0
2013/9/17,0,27.4,19.2,11.7,0,0
2013/9/18,0,27.6,19.0,11.6,0,0
2013/9/19,0,28.2,18.8,11.4,0,0
2013/9/20,0,29.0,19.6,11.3,0,0
2013/9/21,0,29.7,20.9,11.1,0,0
2013/9/22,0,30.4,21.9,8.5,0,0
2013/9/23,4.5,24.2,17.2,1.6,0,0
2013/9/24,2.0,26.5,16.9,4.3,0,0
2013/9/25,20.5,23.8,21.2,0.0,0,0
2013/9/26,5.0,23.9,18.1,1.4,0,0
2013/9/27,0,22.9,16.7,11.4,0,0
2013/9/28,0,24.7,15.1,8.3,0,0
2013/9/29,0,26.1,19.2,7.0,0,0
2013/9/30,0.0,25.8,17.8,5.2,0,0
2013/10/1,8.0,22.9,18.6,0.0,0,0
2013/10/2,18.0,26.8,20.6,0.6,0,0
2013/10/3,0.0,28.9,20.7,8.2,0,0
2013/10/4,6.5,20.7,16.4,0.0,0,0
2013/10/5,15.5,19.2,15.4,0.0,0,0
2013/10/6,0.0,25.4,18.8,3.3,0,0
2013/10/7,0.5,27.1,20.7,3.9,0,0
2013/10/8,0.0,28.7,21.7,8.1,0,0
2013/10/9,0.0,28.1,23.7,7.3,0,0
2013/10/10,1.5,28.9,22.1,5.8,0,0
2013/10/11,1.5,28.7,21.6,8.2,0,0
2013/10/12,0,30.8,19.6,10.6,0,0
2013/10/13,0,26.0,17.4,9.9,0,0
2013/10/14,0,24.8,15.7,8.2,0,0
2013/10/15,87.5,20.3,16.7,0.0,0,0
2013/10/16,139.5,25.8,16.0,3.8,0,0
2013/10/17,0.0,20.6,15.9,6.8,0,0
2013/10/18,0.0,20.4,15.5,4.8,0,0
2013/10/19,0.0,18.4,14.5,0.5,0,0
2013/10/20,58.0,15.7,13.5,0.0,0,0
2013/10/21,0.0,21.1,15.3,1.8,0,0
2013/10/22,0.0,19.6,16.9,0.0,0,0
2013/10/23,0.0,19.3,15.7,0.0,0,0
2013/10/24,0.5,16.8,15.0,0.0,0,0
2013/10/25,11.5,20.1,15.5,0.0,0,0
2013/10/26,34.5,17.2,13.9,0.0,0,0
2013/10/27,4.0,20.7,12.2,9.7,0,0
2013/10/28,0,19.4,12.2,9.5,0,0
2013/10/29,7.0,15.4,12.8,0.0,0,0
2013/10/30,0.0,20.8,14.4,5.4,0,0
2013/10/31,0,21.1,12.9,7.5,0,0
2013/11/1,0,20.6,12.8,9.1,0,0
2013/11/2,0.0,16.2,12.7,0.0,0,0
2013/11/3,0.0,18.7,14.4,1.3,0,0
2013/11/4,9.5,17.4,14.5,0.0,0,0
2013/11/5,0,19.0,12.9,9.8,0,0
2013/11/6,0,20.6,10.6,7.8,0,0
2013/11/7,5.5,20.8,13.0,1.8,0,0
2013/11/8,0,20.9,12.6,9.6,0,0
2013/11/9,0.0,14.7,11.4,0.7,0,0
2013/11/10,0.0,21.9,11.4,0.5,0,0
2013/11/11,1.0,17.1,8.5,2.3,0,0
2013/11/12,0.0,12.2,7.6,1.2,0,0
2013/11/13,0,13.7,6.7,9.3,0,0
2013/11/14,0.0,13.9,5.6,6.9,0,0
2013/11/15,1.0,14.0,9.3,1.8,0,0
2013/11/16,0,17.4,8.2,9.8,0,0
2013/11/17,0,19.3,8.7,8.9,0,0
2013/11/18,0,19.2,10.4,8.2,0,0
2013/11/19,0,15.7,8.6,9.4,0,0
2013/11/20,0,15.8,7.5,9.8,0,0
2013/11/21,0,16.5,8.0,9.8,0,0
2013/11/22,0,16.5,7.1,9.7,0,0
2013/11/23,0,16.0,8.3,9.8,0,0
2013/11/24,0,17.1,7.2,9.4,0,0
2013/11/25,4.0,19.3,9.9,0.1,0,0
2013/11/26,0.0,18.5,10.7,9.2,0,0
2013/11/27,0.0,15.8,9.5,7.0,0,0
2013/11/28,0.0,17.6,8.3,4.1,0,0
2013/11/29,0,13.3,6.3,9.2,0,0
2013/11/30,0,13.6,4.4,8.5,0,0
2013/12/1,0,14.7,5.2,9.1,0,0
2013/12/2,0,15.2,6.5,9.5,0,0
2013/12/3,0,15.6,6.7,9.4,0,0
2013/12/4,0,15.0,7.6,7.9,0,0
2013/12/5,0,15.4,7.0,9.3,0,0
2013/12/6,0,17.7,6.9,7.0,0,0
2013/12/7,0,14.2,8.1,8.4,0,0
2013/12/8,0,10.6,7.4,0.2,0,0
2013/12/9,0,10.7,5.8,1.2,0,0
2013/12/10,16.5,13.5,5.9,2.0,0,0
2013/12/11,0,13.1,5.7,5.0,0,0
2013/12/12,0,13.0,6.8,9.5,0,0
2013/12/13,0,13.9,4.2,9.1,0,0
2013/12/14,0,11.3,4.4,9.4,0,0
2013/12/15,0,11.6,3.9,9.0,0,0
2013/12/16,0,12.6,5.2,8.4,0,0
2013/12/17,0,12.0,6.8,3.1,0,0
2013/12/18,6.5,7.8,2.9,0.0,0,0
2013/12/19,22.0,7.2,3.0,0.0,0,0
2013/12/20,6.0,11.2,3.3,2.0,0,0
2013/12/21,0,10.7,2.3,9.2,0,0
2013/12/22,0,11.9,4.7,8.3,0,0
2013/12/23,0,8.9,4.0,1.5,0,0
2013/12/24,0,12.0,4.2,7.8,0,0
2013/12/25,0,9.6,3.3,9.4,0,0
2013/12/26,0.5,10.7,3.5,0.2,0,0
2013/12/27,2.5,8.8,4.5,0.1,0,0
2013/12/28,0,9.8,2.3,9.1,0,0
2013/12/29,0,9.0,1.1,9.5,0,0
2013/12/30,0,10.5,1.5,9.1,0,0
2013/12/31,0,13.0,1.9,9.5,0,0
2014/1/1,0,14.7,3.2,9.3,0,0
2014/1/2,0,12.6,5.0,9.2,0,0
2014/1/3,0,9.5,4.1,5.0,0,0
2014/1/4,0,11.8,3.3,6.8,0,0
2014/1/5,0.0,7.3,3.9,1.3,0,0
2014/1/6,0,10.7,2.5,9.5,0,0
2014/1/7,0,9.4,2.1,7.2,0,0
2014/1/8,20.0,13.5,3.1,2.3,0,0
2014/1/9,5.0,10.3,2.8,0.2,0,0
2014/1/10,0.0,6.3,1.7,2.9,0,0
2014/1/11,0,8.0,0.6,9.3,0,0
2014/1/12,0,10.5,1.1,7.3,0,0
2014/1/13,0,9.3,2.0,7.9,0,0
2014/1/14,0,7.5,1.4,4.7,0,0
2014/1/15,0,4.4,1.5,0.0,0,0
2014/1/16,0.0,8.4,-0.4,8.9,0,0
2014/1/17,0.0,9.9,3.2,7.4,0,0
2014/1/18,0.0,7.6,2.7,5.7,0,0
2014/1/19,0.0,7.9,2.0,9.5,0,0
2014/1/20,0,8.8,1.1,9.0,0,0
2014/1/21,0.5,10.7,1.9,9.2,0,0
2014/1/22,1.0,9.2,1.9,8.6,0,0
2014/1/23,0,10.6,1.5,9.9,0,0
2014/1/24,0,13.4,1.9,7.0,0,0
2014/1/25,0,13.2,3.6,2.3,0,0
2014/1/26,6.0,15.1,2.8,4.8,0,0
2014/1/27,0.0,7.3,1.1,10.0,0,0
2014/1/28,0,14.8,1.5,9.5,0,0
2014/1/29,0,11.7,4.3,9.9,0,0
2014/1/30,6.0,16.4,5.5,2.7,0,0
2014/1/31,0,15.5,5.6,9.3,0,0
2014/2/1,0,11.6,4.7,7.3,0,0
2014/2/2,0.0,12.4,5.6,1.7,0,0
2014/2/3,0.0,19.1,7.0,6.8,0,0
2014/2/4,2.5,12.6,0.5,0.0,0,0
2014/2/5,0,5.4,-0.4,5.6,0,0
2014/2/6,0,5.9,-0.5,1.9,0,0
2014/2/7,0,7.7,1.7,6.2,0,0
2014/2/8,33.0,4.6,-1.1,0.0,16,16
2014/2/9,1.0,9.0,1.3,5.4,14,0
2014/2/10,0,8.5,3.5,1.1,4,0
2014/2/11,0.0,4.7,2.2,0.1,1,0
2014/2/12,0.0,8.9,2.7,3.9,0,0
2014/2/13,0.0,6.7,2.4,0.0,0,0
2014/2/14,36.0,4.9,-0.3,0.0,26,26
2014/2/15,44.5,7.9,-0.3,0.2,28,2
2014/2/16,0,11.0,3.4,10.2,12,0
2014/2/17,0,12.3,3.3,10.1,6,0
2014/2/18,0,8.8,2.3,5.2,2,0
2014/2/19,0,8.6,1.8,7.3,0,0
2014/2/20,0,6.9,0.7,4.0,0,0
2014/2/21,0,10.5,2.5,9.0,0,0
2014/2/22,0,8.9,1.9,8.8,0,0
2014/2/23,0.0,9.3,3.3,3.3,0,0
2014/2/24,0.0,9.1,4.1,1.9,0,0
2014/2/25,0,12.5,3.0,10.3,0,0
2014/2/26,0,14.8,3.6,10.1,0,0
2014/2/27,5.5,14.5,6.4,0.0,0,0
2014/2/28,5.0,18.9,9.1,5.6,0,0
2014/3/1,0.0,12.1,6.8,0.0,0,0
2014/3/2,13.5,7.7,4.7,0.0,0,0
2014/3/3,0.0,10.0,4.0,3.6,0,0
2014/3/4,0.5,11.0,2.9,8.7,0,0
2014/3/5,45.0,8.8,4.3,0.0,0,0
2014/3/6,0,8.9,2.7,10.4,0,0
2014/3/7,0.0,9.0,1.6,4.7,0,0
2014/3/8,0,9.9,1.1,10.5,0,0
2014/3/9,0,10.4,3.4,8.3,0,0
2014/3/10,0,9.7,2.0,7.6,0,0
2014/3/11,0,10.5,1.0,11.2,0,0
2014/3/12,0,17.1,3.2,9.6,0,0
2014/3/13,27.5,17.9,8.4,0.3,0,0
2014/3/14,0.0,17.0,6.4,1.2,0,0
2014/3/15,0.0,12.2,4.8,9.0,0,0
2014/3/16,0,17.2,4.3,11.1,0,0
2014/3/17,0,17.1,6.9,10.8,0,0
2014/3/18,0.0,19.8,8.5,4.4,0,0
2014/3/19,0,13.5,9.0,1.6,0,0
2014/3/20,23.5,10.1,6.4,0.0,0,0
2014/3/21,0.0,14.2,7.1,7.7,0,0
2014/3/22,0,13.8,4.6,11.4,0,0
2014/3/23,0,16.2,6.5,11.7,0,0
2014/3/24,0,18.7,6.5,11.3,0,0
2014/3/25,0,22.1,11.1,10.3,0,0
2014/3/26,0.0,18.2,13.3,0.3,0,0
2014/3/27,1.0,15.4,10.1,0.0,0,0
2014/3/28,0,20.7,8.0,11.6,0,0
2014/3/29,0.0,21.4,13.2,8.9,0,0
2014/3/30,17.0,18.3,14.5,1.1,0,0
2014/3/31,0,20.9,12.2,10.2,0,0
2014/4/1,0,17.4,10.8,9.4,0,0
2014/4/2,0.0,18.9,9.6,7.0,0,0
2014/4/3,48.5,14.0,12.2,0.0,0,0
2014/4/4,39.0,20.9,11.4,8.0,0,0
2014/4/5,0.0,14.6,8.4,6.5,0,0
2014/4/6,10.0,12.3,5.6,3.2,0,0
2014/4/7,0,15.8,4.6,10.5,0,0
2014/4/8,0,21.1,8.6,11.5,0,0
2014/4/9,0,19.7,11.1,8.3,0,0
2014/4/10,0.0,23.4,10.6,10.1,0,0
2014/4/11,0,17.8,7.7,10.4,0,0
2014/4/12,0,18.2,8.4,11.7,0,0
2014/4/13,0,17.6,9.5,6.5,0,0
2014/4/14,0.0,17.3,11.2,7.7,0,0
2014/4/15,0,21.2,10.2,12.1,0,0
2014/4/16,0,22.8,12.3,8.7,0,0
2014/4/17,0,22.2,13.2,10.7,0,0
2014/4/18,3.0,16.8,8.5,0.0,0,0
2014/4/19,0.0,17.0,9.0,5.9,0,0
2014/4/20,0.5,14.2,7.7,1.7,0,0
2014/4/21,11.5,16.2,9.1,0.0,0,0
2014/4/22,9.0,18.1,11.9,4.3,0,0
2014/4/23,3.5,20.4,11.1,10.3,0,0
2014/4/24,0,20.9,12.1,10.4,0,0
2014/4/25,0,22.8,12.1,11.8,0,0
2014/4/26,0,23.3,13.2,12.2,0,0
2014/4/27,0,22.8,13.3,12.7,0,0
2014/4/28,0.0,23.0,14.0,7.9,0,0
2014/4/29,0.0,20.9,14.4,2.5,0,0
2014/4/30,29.5,18.2,13.7,0.0,0,0
2014/5/1,8.5,23.4,17.3,8.3,0,0
2014/5/2,0,25.5,16.6,11.9,0,0
2014/5/3,0,26.1,15.5,9.9,0,0
2014/5/4,0,23.2,14.2,12.7,0,0
2014/5/5,0.0,20.3,15.2,0.0,0,0
2014/5/6,1.5,17.0,12.3,0.1,0,0
2014/5/7,0,21.8,10.8,11.4,0,0
2014/5/8,0,21.7,14.3,6.5,0,0
2014/5/9,0.0,25.9,14.3,13.0,0,0
2014/5/10,0,25.2,13.0,12.2,0,0
2014/5/11,0,25.7,14.7,13.2,0,0
2014/5/12,0.5,22.7,15.6,7.8,0,0
2014/5/13,9.5,22.3,16.4,2.8,0,0
2014/5/14,0,26.1,16.8,7.0,0,0
2014/5/15,4.0,22.0,16.7,0.5,0,0
2014/5/16,0.0,26.3,15.9,9.0,0,0
2014/5/17,0,25.8,15.5,13.2,0,0
2014/5/18,0,25.5,15.5,13.4,0,0
2014/5/19,0,25.0,16.4,10.2,0,0
2014/5/20,4.5,24.8,17.3,6.8,0,0
2014/5/21,57.5,19.4,15.5,0.7,0,0
2014/5/22,5.5,24.0,14.4,5.9,0,0
2014/5/23,0.0,21.6,14.2,9.7,0,0
2014/5/24,0,24.1,14.9,12.1,0,0
2014/5/25,0,24.9,19.1,4.8,0,0
2014/5/26,4.0,23.8,17.5,1.8,0,0
2014/5/27,32.0,27.0,17.0,4.4,0,0
2014/5/28,0,27.0,18.4,8.4,0,0
2014/5/29,0.0,26.7,17.8,10.8,0,0
2014/5/30,0,28.5,17.7,11.8,0,0
2014/5/31,0,30.3,18.9,12.7,0,0
2014/6/1,0,30.6,18.8,13.1,0,0
2014/6/2,0,31.0,18.7,12.4,0,0
2014/6/3,0,28.1,19.5,8.2,0,0
2014/6/4,0,28.0,19.8,8.6,0,0
2014/6/5,24.0,22.0,18.3,0.0,0,0
2014/6/6,155.0,20.5,18.6,0.0,0,0
2014/6/7,78.0,19.1,17.5,0.0,0,0
2014/6/8,0.0,24.1,17.6,0.1,0,0
2014/6/9,0.0,26.5,19.0,7.8,0,0
2014/6/10,3.5,27.9,20.5,6.7,0,0
2014/6/11,25.5,23.1,19.6,0.0,0,0
2014/6/12,19.5,23.7,20.5,0.4,0,0
2014/6/13,0,29.9,19.4,13.5,0,0
2014/6/14,0,29.1,20.1,12.8,0,0
2014/6/15,0,29.7,19.7,13.1,0,0
2014/6/16,0,29.1,20.2,11.8,0,0
2014/6/17,0,27.3,20.3,3.7,0,0
2014/6/18,1.0,22.8,19.5,0.1,0,0
2014/6/19,0.0,28.1,20.0,12.4,0,0
2014/6/20,0,27.4,20.6,12.3,0,0
2014/6/21,0.0,27.6,21.4,4.9,0,0
2014/6/22,4.0,23.2,20.7,0.0,0,0
2014/6/23,0,28.1,20.1,7.9,0,0
2014/6/24,12.5,25.9,20.0,1.6,0,0
2014/6/25,0.5,26.3,19.7,2.9,0,0
2014/6/26,0.0,27.9,20.2,6.7,0,0
2014/6/27,0.5,27.0,21.7,3.1,0,0
2014/6/28,12.5,23.4,21.5,0.0,0,0
2014/6/29,12.0,28.6,20.9,5.2,0,0
2014/6/30,0,26.6,20.9,2.8,0,0
2014/7/1,0.0,29.7,21.7,7.2,0,0
2014/7/2,0,30.8,22.1,10.0,0,0
2014/7/3,0.5,27.2,20.9,0.9,0,0
2014/7/4,8.5,22.8,20.5,0.0,0,0
2014/7/5,6.5,23.1,20.0,0.0,0,0
2014/7/6,0.0,27.4,19.9,6.5,0,0
2014/7/7,9.0,25.7,20.7,0.0,0,0
2014/7/8,0.0,31.3,21.9,10.5,0,0
2014/7/9,6.5,24.8,22.6,0.0,0,0
2014/7/10,7.0,28.6,23.3,1.1,0,0
2014/7/11,1.0,33.8,23.7,7.6,0,0
2014/7/12,0,32.7,25.4,9.6,0,0
2014/7/13,0.0,28.1,23.5,0.4,0,0
2014/7/14,0.0,33.3,24.6,9.9,0,0
2014/7/15,0.0,32.4,24.4,10.7,0,0
2014/7/16,0,32.5,23.3,10.1,0,0
2014/7/17,0.0,30.8,23.9,4.0,0,0
2014/7/18,2.5,27.3,22.9,0.0,0,0
2014/7/19,1.0,25.0,22.4,0.0,0,0
2014/7/20,11.0,29.3,22.0,5.1,0,0
2014/7/21,2.0,29.0,21.5,4.4,0,0
2014/7/22,0,31.5,23.3,8.7,0,0
2014/7/23,0,32.2,24.7,9.1,0,0
2014/7/24,2.5,33.7,25.1,2.6,0,0
2014/7/25,0,35.2,25.1,12.4,0,0
2014/7/26,0,34.1,26.2,12.8,0,0
2014/7/27,10.5,34.3,26.0,9.7,0,0
2014/7/28,0,30.6,23.7,10.0,0,0
2014/7/29,0,31.3,23.1,11.7,0,0
2014/7/30,0,31.0,23.5,10.1,0,0
2014/7/31,0,33.0,24.7,12.4,0,0
2014/8/1,0.5,33.4,25.2,10.6,0,0
2014/8/2,0,34.5,25.3,10.7,0,0
2014/8/3,0,33.5,26.3,10.7,0,0
2014/8/4,0,31.9,26.2,9.0,0,0
2014/8/5,0,33.7,26.7,13.2,0,0
2014/8/6,0,33.3,26.6,13.1,0,0
2014/8/7,0,32.7,25.9,12.0,0,0
2014/8/8,0.0,31.9,25.5,2.2,0,0
2014/8/9,4.0,27.2,22.2,0.0,0,0
2014/8/10,50.5,28.4,22.1,0.1,0,0
2014/8/11,0,30.7,25.9,9.3,0,0
2014/8/12,1.5,29.2,21.8,0.5,0,0
2014/8/13,0.0,30.4,21.9,5.4,0,0
2014/8/14,3.5,30.6,24.8,1.1,0,0
2014/8/15,0,31.5,25.3,12.4,0,0
2014/8/16,2.5,32.6,23.8,9.1,0,0
2014/8/17,0,32.3,24.0,7.1,0,0
2014/8/18,0,33.7,25.8,9.7,0,0
2014/8/19,0,32.7,25.8,12.8,0,0
2014/8/20,0,34.5,26.1,12.4,0,0
2014/8/21,0,34.0,26.5,10.6,0,0
2014/8/22,0,33.6,25.9,11.3,0,0
2014/8/23,2.0,29.0,23.8,3.4,0,0
2014/8/24,0,32.3,24.6,6.0,0,0
2014/8/25,0.0,28.2,25.2,0.4,0,0
2014/8/26,0.0,27.9,23.7,0.1,0,0
2014/8/27,6.0,23.9,19.7,0.0,0,0
2014/8/28,12.0,21.9,19.4,0.0,0,0
2014/8/29,7.5,24.9,20.7,0.0,0,0
2014/8/30,35.5,25.3,19.8,0.9,0,0
2014/8/31,0.0,26.3,20.4,3.2,0,0
2014/9/1,38.0,22.6,19.8,0.0,0,0
2014/9/2,0.0,29.3,19.6,11.3,0,0
2014/9/3,0,27.7,21.4,9.2,0,0
2014/9/4,0.0,28.1,21.5,3.9,0,0
2014/9/5,0.0,30.9,24.0,7.0,0,0
2014/9/6,3.5,30.2,23.5,6.3,0,0
2014/9/7,20.5,23.8,19.1,0.0,0,0
2014/9/8,2.5,23.4,19.7,0.0,0,0
2014/9/9,0.5,28.1,19.8,5.6,0,0
2014/9/10,0.0,27.8,21.3,1.6,0,0
2014/9/11,5.0,25.7,20.6,0.5,0,0
2014/9/12,0,27.2,19.0,8.9,0,0
2014/9/13,0.0,27.4,19.8,7.9,0,0
2014/9/14,0,27.7,19.2,10.9,0,0
2014/9/15,0,26.7,20.9,1.6,0,0
2014/9/16,0,29.1,21.2,8.3,0,0
2014/9/17,0.0,27.3,21.5,1.6,0,0
2014/9/18,0.0,25.6,20.1,2.8,0,0
2014/9/19,0,24.7,19.0,2.7,0,0
2014/9/20,0.0,21.5,18.7,0.0,0,0
2014/9/21,0,25.6,15.8,10.7,0,0
2014/9/22,0.0,26.3,18.6,8.0,0,0
2014/9/23,0,26.1,18.0,11.0,0,0
2014/9/24,8.5,25.8,18.9,3.8,0,0
2014/9/25,10.0,28.5,21.1,3.7,0,0
2014/9/26,0.0,27.5,19.6,9.6,0,0
2014/9/27,0,23.6,17.5,2.2,0,0
2014/9/28,0,27.2,18.0,8.7,0,0
2014/9/29,0,28.3,19.2,11.2,0,0
2014/9/30,0.0,27.4,20.2,7.6,0,0
2014/10/1,8.0,23.0,19.1,0.0,0,0
2014/10/2,0.0,23.9,19.1,0.0,0,0
2014/10/3,0,30.2,21.7,10.2,0,0
2014/10/4,0.0,25.3,22.2,0.3,0,0
2014/10/5,165.0,22.6,15.2,0.0,0,0
2014/10/6,187.0,28.7,16.1,5.3,0,0
2014/10/7,0.0,22.3,17.8,4.2,0,0
2014/10/8,0.0,23.5,16.4,6.5,0,0
2014/10/9,2.5,24.5,17.4,2.4,0,0
2014/10/10,0,25.8,17.6,7.1,0,0
2014/10/11,0,22.3,17.9,5.1,0,0
2014/10/12,0,20.7,16.9,2.8,0,0
2014/10/13,46.0,24.1,15.4,0.0,0,0
2014/10/14,8.5,27.2,18.8,9.1,0,0
2014/10/15,9.5,18.8,12.9,0.0,0,0
2014/10/16,0.0,20.4,12.7,9.1,0,0
2014/10/17,0,23.5,13.7,9.6,0,0
2014/10/18,0,21.3,13.8,8.6,0,0
2014/10/19,0,22.7,13.1,10.2,0,0
2014/10/20,0.0,24.2,15.2,5.0,0,0
2014/10/21,5.0,21.4,16.3,0.7,0,0
2014/10/22,34.5,21.9,13.6,0.0,0,0
2014/10/23,8.5,14.6,12.7,0.0,0,0
2014/10/24,0.0,20.3,12.5,8.2,0,0
2014/10/25,0.0,22.4,12.9,6.0,0,0
2014/10/26,1.0,23.7,16.1,2.6,0,0
2014/10/27,0,22.7,14.4,3.1,0,0
2014/10/28,0,20.4,13.1,8.3,0,0
2014/10/29,0,20.8,11.4,10.4,0,0
2014/10/30,0,21.1,11.5,7.7,0,0
2014/10/31,0.5,20.0,14.6,0.1,0,0
2014/11/1,9.5,17.8,15.1,0.0,0,0
2014/11/2,0.0,22.3,15.1,3.0,0,0
2014/11/3,0,21.0,13.6,5.0,0,0
2014/11/4,0,20.0,12.1,9.7,0,0
2014/11/5,0.0,17.3,12.1,0.1,0,0
2014/11/6,4.5,20.0,14.5,0.6,0,0
2014/11/7,0,21.1,14.6,5.5,0,0
2014/11/8,0.0,14.8,12.2,0.0,0,0
2014/11/9,1.5,17.9,12.6,2.1,0,0
2014/11/10,1.0,21.7,13.0,7.1,0,0
2014/11/11,0.0,16.3,13.2,0.0,0,0
2014/11/12,1.0,18.1,12.1,3.1,0,0
2014/11/13,0,19.0,10.7,10.0,0,0
2014/11/14,0,15.9,8.3,9.7,0,0
2014/11/15,0,16.6,8.2,10.0,0,0
2014/11/16,0,15.3,8.0,8.3,0,0
2014/11/17,0,14.9,8.3,3.1,0,0
2014/11/18,0.0,16.6,9.7,7.9,0,0
2014/11/19,0,15.8,9.5,9.1,0,0
2014/11/20,14.0,10.7,6.8,0.4,0,0
2014/11/21,0,16.7,7.5,9.0,0,0
2014/11/22,0,18.3,9.8,8.8,0,0
2014/11/23,0,19.2,9.1,9.0,0,0
2014/11/24,0,16.1,11.1,1.3,0,0
2014/11/25,10.5,12.0,9.2,0.0,0,0
2014/11/26,31.0,10.3,8.5,0.0,0,0
2014/11/27,3.0,16.3,8.6,9.5,0,0
2014/11/28,0.0,15.8,11.4,2.4,0,0
2014/11/29,13.0,20.2,12.2,0.3,0,0
2014/11/30,1.0,17.8,11.5,7.2,0,0
2014/12/1,20.0,17.1,12.5,0.2,0,0
2014/12/2,0,14.1,5.8,9.4,0,0
2014/12/3,0,12.2,5.0,9.5,0,0
2014/12/4,3.5,13.0,7.7,0.0,0,0
2014/12/5,0,13.9,4.9,7.1,0,0
2014/12/6,0.0,9.7,3.2,7.7,0,0
2014/12/7,0,10.8,2.8,9.2,0,0
2014/12/8,0,11.4,4.3,8.7,0,0
2014/12/9,0,13.3,4.0,8.8,0,0
2014/12/10,0.0,10.5,4.7,3.9,0,0
2014/12/11,6.5,16.5,6.4,0.2,0,0
2014/12/12,0,11.4,6.8,1.3,0,0
2014/12/13,0,11.9,3.6,9.4,0,0
2014/12/14,0.0,9.0,2.2,8.3,0,0
2014/12/15,0.0,11.0,2.0,8.1,0,0
2014/12/16,21.5,8.4,2.6,0.6,0,0
2014/12/17,0,7.8,1.9,9.4,0,0
2014/12/18,0,9.6,0.4,9.6,0,0
2014/12/19,0,9.4,2.0,9.5,0,0
2014/12/20,28.5,9.7,4.4,0.0,0,0
2014/12/21,0,12.5,5.7,4.9,0,0
2014/12/22,0,10.9,4.7,9.3,0,0
2014/12/23,0,11.2,3.5,8.7,0,0
2014/12/24,0,13.6,3.8,7.6,0,0
2014/12/25,0.0,11.2,4.1,4.1,0,0
2014/12/26,0,10.4,1.5,8.9,0,0
2014/12/27,0,8.9,3.0,9.4,0,0
2014/12/28,0,8.0,0.8,7.6,0,0
2014/12/29,7.0,7.1,2.8,0.0,0,0
2014/12/30,0,14.5,4.5,6.9,0,0
2014/12/31,0.0,13.2,3.7,9.0,0,0
2015/1/1,0.0,9.0,0.6,0.2,0,0
2015/1/2,0,7.7,-0.8,6.0,0,0
2015/1/3,0,8.5,0.3,9.6,0,0
2015/1/4,0,9.5,1.0,6.7,0,0
2015/1/5,0,13.3,2.7,9.3,0,0
2015/1/6,16.5,16.6,6.5,1.5,0,0
2015/1/7,0,9.6,3.6,4.1,0,0
2015/1/8,0,11.7,2.7,9.6,0,0
2015/1/9,0,11.6,3.3,9.3,0,0
2015/1/10,0,11.7,2.3,9.7,0,0
2015/1/11,0,11.8,1.3,9.0,0,0
2015/1/12,0,10.4,3.1,9.6,0,0
2015/1/13,0,11.1,2.9,9.8,0,0
2015/1/14,0,10.0,2.7,6.3,0,0
2015/1/15,32.0,8.6,4.0,0.0,0,0
2015/1/16,0.0,11.7,4.4,6.7,0,0
2015/1/17,0,11.4,2.7,6.1,0,0
2015/1/18,0,10.1,0.8,9.8,0,0
2015/1/19,0,10.5,1.0,8.8,0,0
2015/1/20,0,12.0,3.2,9.1,0,0
2015/1/21,3.5,5.2,1.7,0.0,0,0
2015/1/22,13.5,5.5,3.8,0.0,0,0
2015/1/23,6.5,13.6,4.6,7.0,0,0
2015/1/24,0,8.4,3.5,0.8,0,0
2015/1/25,0.0,11.6,2.2,7.6,0,0
2015/1/26,0.0,13.8,6.5,5.5,0,0
2015/1/27,15.5,15.3,6.7,7.8,0,0
2015/1/28,0.0,8.2,2.0,3.0,0,0
2015/1/29,0,8.0,1.4,6.4,0,0
2015/1/30,19.0,6.0,0.8,0.0,0,0
2015/1/31,0,11.1,2.6,9.6,0,0
2015/2/1,0,9.0,1.7,10.2,0,0
2015/2/2,0,9.8,2.3,10.0,0,0
2015/2/3,0,9.0,2.8,9.5,0,0
2015/2/4,0,8.7,3.6,7.2,0,0
2015/2/5,6.0,5.8,1.4,0.0,0,0
2015/2/6,0.0,11.4,1.0,9.9,0,0
2015/2/7,0.5,9.0,3.1,1.3,0,0
2015/2/8,8.0,7.0,2.4,0.7,0,0
2015/2/9,0.0,4.7,1.2,3.1,0,0
2015/2/10,0,8.8,-0.7,9.7,0,0
2015/2/11,0,11.6,1.4,10.2,0,0
2015/2/12,0,13.9,3.6,9.3,0,0
2015/2/13,0.0,10.3,1.9,4.3,0,0
2015/2/14,0,10.4,0.5,10.5,0,0
2015/2/15,0,11.7,1.8,10.2,0,0
2015/2/16,0,11.4,2.4,10.5,0,0
2015/2/17,1.0,6.4,3.1,0.0,0,0
2015/2/18,5.0,4.4,2.9,0.0,0,0
2015/2/19,0.0,13.5,2.2,9.0,0,0
2015/2/20,0.0,10.4,3.5,7.2,0,0
2015/2/21,0,10.3,3.0,9.8,0,0
2015/2/22,6.5,14.2,4.7,0.0,0,0
2015/2/23,11.5,20.7,8.2,6.5,0,0
2015/2/24,0,14.1,9.2,1.8,0,0
2015/2/25,0.0,12.2,8.2,2.9,0,0
2015/2/26,14.5,8.7,6.0,0.0,0,0
2015/2/27,0.0,14.2,5.2,4.4,0,0
2015/2/28,0,12.1,4.5,9.1,0,0
2015/3/1,37.5,9.2,5.8,0.1,0,0
2015/3/2,0.0,14.1,6.6,9.0,0,0
2015/3/3,0.5,8.7,4.5,0.1,0,0
2015/3/4,18.0,17.8,3.4,6.2,0,0
2015/3/5,0,13.8,6.3,8.1,0,0
2015/3/6,1.5,12.0,5.5,3.1,0,0
2015/3/7,4.0,7.9,4.0,0.0,0,0
2015/3/8,0.5,10.8,5.9,0.0,0,0
2015/3/9,18.0,10.6,8.4,0.0,0,0
2015/3/10,1.5,14.6,3.2,3.4,0,0
2015/3/11,0,10.7,2.1,11.4,0,0
2015/3/12,0,13.4,4.1,11.3,0,0
2015/3/13,0,14.4,4.1,10.9,0,0
2015/3/14,0.0,12.8,7.1,3.5,0,0
2015/3/15,0.0,13.2,6.2,4.5,0,0
2015/3/16,18.5,13.6,7.9,0.7,0,0
2015/3/17,1.0,20.7,9.9,10.8,0,0
2015/3/18,0.0,20.9,11.6,4.9,0,0
2015/3/19,9.5,20.4,10.8,0.5,0,0
2015/3/20,0,15.4,10.0,1.3,0,0
2015/3/21,1.0,13.0,9.1,1.5,0,0
2015/3/22,0.0,18.6,7.4,9.4,0,0
2015/3/23,0.0,16.1,6.1,7.3,0,0
2015/3/24,0.0,14.5,3.9,7.6,0,0
2015/3/25,0,14.0,4.7,9.5,0,0
2015/3/26,0,13.8,5.2,11.7,0,0
2015/3/27,0,18.4,6.3,11.8,0,0
2015/3/28,0,20.4,9.6,8.2,0,0
2015/3/29,1.5,19.7,11.8,4.9,0,0
2015/3/30,0,21.8,11.2,11.5,0,0
2015/3/31,0,21.2,11.2,11.7,0,0
2015/4/1,3.5,20.2,9.1,0.2,0,0
2015/4/2,0,16.6,7.7,10.6,0,0
2015/4/3,0.0,20.1,12.8,0.0,0,0
2015/4/4,0.0,19.8,10.3,0.0,0,0
2015/4/5,4.5,11.2,9.6,0.0,0,0
2015/4/6,0,21.1,11.0,5.1,0,0
2015/4/7,4.5,13.8,7.4,0.0,0,0
2015/4/8,16.0,7.6,2.8,0.0,0,0
2015/4/9,0,12.2,4.2,10.6,0,0
2015/4/10,12.0,11.5,6.3,0.0,0,0
2015/4/11,5.0,15.5,8.5,0.1,0,0
2015/4/12,0,17.7,9.8,7.5,0,0
2015/4/13,41.5,11.8,8.6,0.0,0,0
2015/4/14,17.5,13.9,9.7,0.0,0,0
2015/4/15,1.5,19.5,11.3,10.0,0,0
2015/4/16,0,21.6,10.1,8.5,0,0
2015/4/17,0.0,23.7,11.1,10.0,0,0
2015/4/18,0,18.5,8.9,11.6,0,0
2015/4/19,0.0,17.0,12.0,0.0,0,0
2015/4/20,13.5,21.1,15.6,0.0,0,0
2015/4/21,0.0,20.2,14.3,1.3,0,0
2015/4/22,1.5,21.1,13.1,6.1,0,0
2015/4/23,0,23.6,12.9,11.4,0,0
2015/4/24,0,22.8,14.3,9.7,0,0
2015/4/25,0.0,22.2,14.9,6.8,0,0
2015/4/26,0.0,23.6,13.5,12.3,0,0
2015/4/27,0,25.0,14.6,12.4,0,0
2015/4/28,0,25.4,15.8,10.4,0,0
2015/4/29,0,23.0,16.3,5.7,0,0
2015/4/30,0.0,23.1,15.4,2.2,0,0
2015/5/1,0,26.3,15.3,12.7,0,0
2015/5/2,0,26.8,15.9,12.7,0,0
2015/5/3,0,25.9,17.5,10.9,0,0
2015/5/4,0.0,25.0,18.1,5.9,0,0
2015/5/5,0,21.0,15.0,6.5,0,0
2015/5/6,0,23.8,13.2,9.8,0,0
2015/5/7,0.0,23.9,16.6,6.0,0,0
2015/5/8,0,25.6,17.2,12.1,0,0
2015/5/9,0.0,21.0,16.8,0.0,0,0
2015/5/10,3.0,25.9,15.1,10.2,0,0
2015/5/11,0,22.0,13.5,12.8,0,0
2015/5/12,31.0,21.5,16.2,0.7,0,0
2015/5/13,0.0,27.1,18.4,12.1,0,0
2015/5/14,0,27.0,19.1,10.0,0,0
2015/5/15,0,26.8,19.5,8.8,0,0
2015/5/16,8.5,23.1,19.3,0.0,0,0
2015/5/17,0.0,26.9,18.9,10.5,0,0
2015/5/18,1.0,26.1,17.7,4.4,0,0
2015/5/19,5.0,24.0,16.4,0.2,0,0
2015/5/20,0.0,26.1,19.0,8.5,0,0
2015/5/21,10.0,25.5,13.4,10.6,0,0
2015/5/22,0,24.1,16.2,10.0,0,0
2015/5/23,0,25.8,17.3,9.9,0,0
2015/5/24,0.0,24.4,18.6,2.3,0,0
2015/5/25,0,26.0,17.8,6.7,0,0
2015/5/26,0,28.2,18.2,13.1,0,0
2015/5/27,0,28.9,18.7,12.8,0,0
2015/5/28,0.0,26.8,18.6,7.6,0,0
2015/5/29,11.0,22.6,18.9,0.0,0,0
2015/5/30,0,28.4,19.1,12.1,0,0
2015/5/31,0,30.3,21.7,10.0,0,0
2015/6/1,0,28.0,20.7,12.2,0,0
2015/6/2,0,27.7,19.7,8.6,0,0
2015/6/3,19.0,22.4,20.3,0.0,0,0
2015/6/4,0,29.1,18.9,11.0,0,0
2015/6/5,17.5,21.8,14.7,2.0,0,0
2015/6/6,23.0,22.9,13.9,3.4,0,0
2015/6/7,0,24.9,17.7,7.6,0,0
2015/6/8,0.5,24.4,18.1,3.8,0,0
2015/6/9,29.5,21.4,17.6,0.0,0,0
2015/6/10,0,27.0,18.6,6.9,0,0
2015/6/11,0.0,26.0,20.0,2.8,0,0
2015/6/12,11.0,24.8,18.9,0.1,0,0
2015/6/13,0.0,28.3,21.3,3.8,0,0
2015/6/14,0.0,24.5,20.4,0.6,0,0
2015/6/15,0,29.2,19.9,12.6,0,0
2015/6/16,0.0,25.4,20.6,0.3,0,0
2015/6/17,9.5,26.4,20.2,2.1,0,0
2015/6/18,10.0,24.2,18.8,0.1,0,0
2015/6/19,11.5,21.1,17.8,0.0,0,0
2015/6/20,0.0,26.9,17.7,11.9,0,0
2015/6/21,1.5,23.2,19.2,0.1,0,0
2015/6/22,0,26.8,19.0,4.8,0,0
2015/6/23,0.5,28.0,20.0,7.5,0,0
2015/6/24,0,29.3,19.6,13.2,0,0
2015/6/25,0,28.5,21.4,9.7,0,0
2015/6/26,7.0,25.1,20.8,0.0,0,0
2015/6/27,2.0,25.5,20.7,0.1,0,0
2015/6/28,2.0,29.2,18.8,8.7,0,0
2015/6/29,0,26.7,18.0,6.3,0,0
2015/6/30,1.0,26.0,19.8,2.9,0,0
2015/7/1,17.0,26.4,19.2,0.0,0,0
2015/7/2,7.0,24.9,21.4,1.5,0,0
2015/7/3,103.0,24.4,20.3,0.1,0,0
2015/7/4,5.0,25.5,20.9,0.1,0,0
2015/7/5,21.5,21.6,19.0,0.0,0,0
2015/7/6,34.0,20.4,19.4,0.0,0,0
2015/7/7,2.5,23.6,19.5,0.0,0,0
2015/7/8,41.5,25.4,20.0,0.0,0,0
2015/7/9,22.5,20.8,19.2,0.0,0,0
2015/7/10,0.5,28.2,18.6,12.2,0,0
2015/7/11,0,30.4,21.4,12.3,0,0
2015/7/12,0,31.7,23.0,12.7,0,0
2015/7/13,0,32.7,25.0,12.0,0,0
2015/7/14,0,32.4,26.2,13.7,0,0
2015/7/15,0.5,32.0,24.6,11.9,0,0
2015/7/16,53.5,29.2,22.8,0.6,0,0
2015/7/17,11.5,29.7,23.0,3.8,0,0
2015/7/18,0.0,30.3,25.6,4.1,0,0
2015/7/19,0.0,33.1,25.5,8.5,0,0
2015/7/20,0.0,33.0,26.0,10.0,0,0
2015/7/21,0,33.1,25.5,13.4,0,0
2015/7/22,0,31.2,25.3,13.6,0,0
2015/7/23,5.0,28.4,24.6,0.6,0,0
2015/7/24,0.5,33.4,24.6,6.2,0,0
2015/7/25,0,33.6,25.3,10.7,0,0
2015/7/26,0,35.3,26.1,12.2,0,0
2015/7/27,0,33.6,26.5,12.9,0,0
2015/7/28,0.0,33.1,26.4,7.1,0,0
2015/7/29,0.0,33.4,26.7,5.1,0,0
2015/7/30,0,34.0,26.2,7.6,0,0
2015/7/31,0,34.6,26.5,11.9,0,0
2015/8/1,0,34.4,26.9,9.8,0,0
2015/8/2,0,34.3,26.7,12.4,0,0
2015/8/3,0,34.0,26.6,11.6,0,0
2015/8/4,0,33.9,26.6,11.2,0,0
2015/8/5,0,34.2,26.5,13.3,0,0
2015/8/6,0,33.7,26.8,12.5,0,0
2015/8/7,0,35.8,27.1,9.2,0,0
2015/8/8,0,31.5,25.8,6.7,0,0
2015/8/9,0.0,32.6,25.4,7.7,0,0
2015/8/10,3.5,32.2,25.4,6.1,0,0
2015/8/11,0,34.4,26.1,8.7,0,0
2015/8/12,0,33.5,27.1,6.1,0,0
2015/8/13,3.0,30.2,25.3,1.7,0,0
2015/8/14,0.0,33.3,25.5,8.3,0,0
2015/8/15,0.0,32.8,24.8,9.8,0,0
2015/8/16,22.5,31.8,25.5,8.5,0,0
2015/8/17,44.0,28.4,23.3,0.0,0,0
2015/8/18,0.0,29.9,26.1,2.3,0,0
2015/8/19,0.0,30.4,26.3,3.3,0,0
2015/8/20,0.5,27.4,25.1,0.0,0,0
2015/8/21,0.0,30.6,25.4,3.4,0,0
2015/8/22,0,32.4,26.4,10.8,0,0
2015/8/23,0.0,31.3,24.3,7.4,0,0
2015/8/24,0.0,27.5,22.1,0.8,0,0
2015/8/25,3.0,22.8,18.5,0.0,0,0
2015/8/26,33.5,21.2,17.7,0.0,0,0
2015/8/27,0,28.0,20.9,5.1,0,0
2015/8/28,0.0,23.7,20.1,0.0,0,0
2015/8/29,1.0,22.0,19.5,0.0,0,0
2015/8/30,4.5,22.8,20.7,0.1,0,0
2015/8/31,2.5,24.2,21.1,0.0,0,0
2015/9/1,7.0,26.0,22.4,0.2,0,0
2015/9/2,13.5,30.4,24.7,5.8,0,0
2015/9/3,1.0,29.8,23.9,4.6,0,0
2015/9/4,14.5,29.8,22.5,7.1,0,0
2015/9/5,0,29.4,23.2,5.4,0,0
2015/9/6,32.0,28.3,22.9,0.4,0,0
2015/9/7,22.0,27.1,21.5,0.1,0,0
2015/9/8,77.0,21.6,18.9,0.0,0,0
2015/9/9,142.0,25.8,18.9,0.0,0,0
2015/9/10,33.5,22.9,20.5,0.0,0,0
2015/9/11,0,28.2,20.4,9.2,0,0
2015/9/12,0.0,29.6,21.6,10.5,0,0
2015/9/13,0.0,27.6,22.9,3.0,0,0
2015/9/14,0,27.2,21.0,4.7,0,0
2015/9/15,0,26.5,20.3,8.2,0,0
2015/9/16,7.0,24.3,18.5,0.7,0,0
2015/9/17,61.0,18.9,16.4,0.0,0,0
2015/9/18,27.5,24.3,18.3,1.0,0,0
2015/9/19,0,28.0,20.8,9.4,0,0
2015/9/20,0,27.0,21.3,7.8,0,0
2015/9/21,0,26.7,20.3,6.0,0,0
2015/9/22,0,27.2,20.7,8.6,0,0
2015/9/23,0,27.1,19.6,8.3,0,0
2015/9/24,1.5,23.8,19.1,0.4,0,0
2015/9/25,41.5,19.3,16.5,0.0,0,0
2015/9/26,2.0,24.2,17.6,0.3,0,0
2015/9/27,0.0,24.2,20.8,0.2,0,0
2015/9/28,0,28.4,20.6,9.8,0,0
2015/9/29,0,26.1,20.7,4.1,0,0
2015/9/30,0,25.5,18.3,9.6,0,0
2015/10/1,5.0,23.2,16.4,1.5,0,0
2015/10/2,20.0,27.0,20.5,1.2,0,0
2015/10/3,0,25.9,18.9,10.1,0,0
2015/10/4,0.5,26.5,17.8,9.0,0,0
2015/10/5,0.5,19.7,17.0,0.1,0,0
2015/10/6,0,22.5,15.3,8.0,0,0
2015/10/7,0,22.1,14.8,11.0,0,0
2015/10/8,0,25.0,14.2,11.3,0,0
2015/10/9,0,25.2,14.9,10.2,0,0
2015/10/10,2.5,20.3,16.0,0.8,0,0
2015/10/11,7.5,22.1,17.5,0.0,0,0
2015/10/12,0,24.6,16.4,10.0,0,0
2015/10/13,0,23.9,15.6,10.7,0,0
2015/10/14,0,22.2,17.0,8.6,0,0
2015/10/15,0.0,23.1,15.3,8.2,0,0
2015/10/16,12.0,19.4,15.2,0.0,0,0
2015/10/17,2.5,20.6,15.7,0.4,0,0
2015/10/18,0.0,23.2,17.4,4.9,0,0
2015/10/19,0,24.3,16.1,10.3,0,0
2015/10/20,0,22.9,16.5,5.0,0,0
2015/10/21,0,20.8,16.2,5.4,0,0
2015/10/22,0,22.8,14.4,8.2,0,0
2015/10/23,0,21.8,16.5,2.8,0,0
2015/10/24,0,24.1,15.7,8.7,0,0
2015/10/25,0,20.5,13.4,10.4,0,0
2015/10/26,0,19.3,12.1,8.3,0,0
2015/10/27,0.0,23.9,12.3,8.8,0,0
2015/10/28,1.5,26.2,18.4,9.5,0,0
2015/10/29,2.0,20.9,16.2,2.6,0,0
2015/10/30,0.0,20.9,15.6,6.0,0,0
2015/10/31,0.0,16.5,13.0,0.0,0,0
2015/11/1,0,17.1,11.3,7.8,0,0
2015/11/2,30.0,16.2,10.0,0.0,0,0
2015/11/3,0,21.9,13.1,8.7,0,0
2015/11/4,0,20.0,11.2,10.4,0,0
2015/11/5,0,20.9,11.4,7.3,0,0
2015/11/6,0,21.0,12.5,10.1,0,0
2015/11/7,0,20.8,13.8,3.5,0,0
2015/11/8,13.5,18.5,14.7,0.0,0,0
2015/11/9,2.0,23.2,18.4,0.3,0,0
2015/11/10,3.5,19.6,15.4,0.0,0,0
2015/11/11,0.0,18.0,13.9,1.8,0,0
2015/11/12,0,17.5,12.7,3.5,0,0
2015/11/13,0.0,15.6,10.9,0.6,0,0
2015/11/14,13.5,14.2,12.6,0.0,0,0
2015/11/15,11.0,19.2,14.2,1.8,0,0
2015/11/16,0.5,21.7,13.4,7.3,0,0
2015/11/17,3.5,23.5,15.7,5.3,0,0
2015/11/18,19.0,20.7,15.0,2.4,0,0
2015/11/19,5.5,17.8,12.6,5.5,0,0
2015/11/20,0.0,15.9,12.9,0.4,0,0
2015/11/21,0,21.2,11.7,8.2,0,0
2015/11/22,0,16.2,12.4,0.0,0,0
2015/11/23,2.5,13.9,11.7,0.0,0,0
2015/11/24,4.5,17.8,12.3,4.4,0,0
2015/11/25,6.0,12.4,6.4,0.0,0,0
2015/11/26,22.0,12.3,6.4,1.0,0,0
2015/11/27,0,15.2,8.4,9.8,0,0
2015/11/28,0,16.2,6.0,9.8,0,0
2015/11/29,0,15.2,7.2,6.8,0,0
2015/11/30,0,14.7,8.2,6.2,0,0
2015/12/1,0,16.6,7.1,9.5,0,0
2015/12/2,0.0,11.5,9.2,0.0,0,0
2015/12/3,8.5,13.8,9.5,0.0,0,0
2015/12/4,0,13.6,7.7,9.5,0,0
2015/12/5,0,16.3,7.5,9.6,0,0
2015/12/6,0,13.3,8.8,4.6,0,0
2015/12/7,0,13.4,7.6,7.1,0,0
2015/12/8,0.0,11.3,7.0,0.1,0,0
2015/12/9,0,12.6,4.9,9.3,0,0
2015/12/10,16.5,13.1,6.0,3.1,0,0
2015/12/11,73.5,23.7,7.2,5.6,0,0
2015/12/12,0.0,15.6,11.2,7.1,0,0
2015/12/13,2.0,11.3,10.0,0.0,0,0
2015/12/14,0.0,13.3,11.0,0.6,0,0
2015/12/15,0,15.1,10.4,2.5,0,0
2015/12/16,0,20.4,9.7,7.9,0,0
2015/12/17,0.0,13.5,7.2,1.2,0,0
2015/12/18,0,12.7,6.1,9.5,0,0
2015/12/19,0,12.2,5.2,9.4,0,0
2015/12/20,0,11.4,4.1,8.9,0,0
2015/12/21,0.0,16.0,7.1,0.3,0,0
2015/12/22,0,15.3,8.1,4.3,0,0
2015/12/23,5.5,9.2,6.1,0.0,0,0
2015/12/24,3.5,16.0,5.9,5.5,0,0
2015/12/25,0.5,15.1,8.3,6.6,0,0
2015/12/26,0.0,13.4,6.3,8.4,0,0
2015/12/27,0,10.7,4.3,6.2,0,0
2015/12/28,0,10.1,3.2,7.3,0,0
2015/12/29,0,11.4,3.7,9.3,0,0
2015/12/30,0,11.1,5.4,7.8,0,0
2015/12/31,0,10.7,4.4,6.4,0,0
2016/1/1,0,13.0,5.2,9.4,0,0
2016/1/2,0,13.3,3.7,5.9,0,0
2016/1/3,0,15.4,5.2,7.9,0,0
2016/1/4,0,14.7,6.4,9.3,0,0
2016/1/5,0,14.8,8.4,8.0,0,0
2016/1/6,0,11.2,8.6,0.4,0,0
2016/1/7,0,13.5,6.0,6.4,0,0
2016/1/8,0,11.6,4.9,8.4,0,0
2016/1/9,0,11.7,4.1,9.3,0,0
2016/1/10,0,13.0,3.6,9.5,0,0
2016/1/11,0,10.6,5.8,1.7,0,0
2016/1/12,0.0,7.8,2.8,0.0,0,0
2016/1/13,0,10.1,1.9,8.5,0,0
2016/1/14,0,11.2,1.6,9.3,0,0
2016/1/15,0.0,10.8,3.3,7.5,0,0
2016/1/16,0,10.5,3.6,9.3,0,0
2016/1/17,3.5,8.8,4.3,1.8,0,0
2016/1/18,45.5,9.3,0.5,0.0,5,5
2016/1/19,0,9.5,2.0,9.7,0,0
2016/1/20,0,10.8,0.4,7.5,0,0
2016/1/21,0,10.0,2.0,7.2,0,0
2016/1/22,0.0,10.7,3.5,9.0,0,0
2016/1/23,0.0,6.7,3.1,0.4,0,0
2016/1/24,0,8.1,0.3,8.2,0,0
2016/1/25,0,8.2,-0.9,10.1,0,0
2016/1/26,0,9.4,0.6,8.8,0,0
2016/1/27,0,13.3,1.4,9.8,0,0
2016/1/28,0,13.4,3.1,9.8,0,0
2016/1/29,21.0,7.8,3.4,0.0,0,0
2016/1/30,3.5,5.4,2.0,0.0,0,0
2016/1/31,0,9.8,3.5,1.1,0,0
2016/2/1,0.0,6.6,3.7,0.0,0,0
2016/2/2,0.0,9.6,3.3,8.0,0,0
2016/2/3,0,8.7,3.3,7.2,0,0
2016/2/4,0,9.2,2.8,5.8,0,0
2016/2/5,0,11.7,2.8,9.3,0,0
2016/2/6,0,9.9,5.1,2.1,0,0
2016/2/7,0.0,9.5,2.6,8.6,0,0
2016/2/8,0,9.7,1.7,6.6,0,0
2016/2/9,0,12.7,1.8,10.0,0,0
2016/2/10,0,10.9,3.4,10.4,0,0
2016/2/11,0,9.9,3.3,9.4,0,0
2016/2/12,0.5,11.0,2.5,1.4,0,0
2016/2/13,0.0,20.3,8.2,8.0,0,0
2016/2/14,53.0,21.5,16.4,1.9,0,0
2016/2/15,0.5,18.6,3.0,1.2,0,0
2016/2/16,0.0,10.4,2.5,9.6,0,0
2016/2/17,0.0,13.8,2.9,7.9,0,0
2016/2/18,0,10.6,3.1,7.4,0,0
2016/2/19,0,17.5,4.4,9.7,0,0
2016/2/20,39.5,10.7,7.0,0.4,0,0
2016/2/21,0,15.9,6.8,6.3,0,0
2016/2/22,0.0,10.0,6.0,1.4,0,0
2016/2/23,0.0,10.1,5.6,1.9,0,0
2016/2/24,0.0,7.8,3.1,0.0,0,0
2016/2/25,0.5,7.6,1.4,5.1,0,0
2016/2/26,0,11.1,1.7,10.7,0,0
2016/2/27,0,13.0,3.6,8.9,0,0
2016/2/28,0.5,14.8,5.8,7.5,0,0
2016/2/29,7.0,14.4,5.4,1.7,0,0
2016/3/1,0.0,9.7,2.9,10.2,0,0
2016/3/2,0,12.0,2.1,9.8,0,0
2016/3/3,0,17.1,4.4,10.9,0,0
2016/3/4,0.0,15.5,7.7,8.1,0,0
2016/3/5,0,16.5,8.4,6.1,0,0
2016/3/6,16.5,16.6,9.2,2.6,0,0
2016/3/7,87.5,17.0,12.9,0.0,0,0
2016/3/8,0,20.5,12.7,4.8,0,0
2016/3/9,26.5,15.9,4.5,0.0,0,0
2016/3/10,0.0,8.7,4.2,0.0,0,0
2016/3/11,1.0,6.4,3.4,0.0,0,0
2016/3/12,0.0,8.4,4.1,1.1,0,0
2016/3/13,0,10.9,4.6,0.9,0,0
2016/3/14,44.5,7.3,3.8,0.0,0,0
2016/3/15,0.5,14.3,4.1,11.3,0,0
2016/3/16,0,13.0,4.9,2.5,0,0
2016/3/17,0,19.8,7.6,11.4,0,0
2016/3/18,0.0,19.1,8.4,7.3,0,0
2016/3/19,19.5,16.9,14.3,1.5,0,0
2016/3/20,0.5,15.6,10.3,2.7,0,0
2016/3/21,0.0,12.0,8.1,3.9,0,0
2016/3/22,0,16.8,7.2,7.9,0,0
2016/3/23,0,17.9,8.3,8.4,0,0
2016/3/24,0.0,9.4,4.8,1.1,0,0
2016/3/25,0.0,13.7,4.1,6.9,0,0
2016/3/26,0.0,11.0,5.7,5.2,0,0
2016/3/27,0.0,15.2,6.9,6.1,0,0
2016/3/28,10.0,14.3,8.7,2.2,0,0
2016/3/29,0,18.1,7.6,9.7,0,0
2016/3/30,0,19.6,11.1,3.1,0,0
2016/3/31,0,20.3,11.1,9.9,0,0
2016/4/1,4.0,18.9,8.2,3.0,0,0
2016/4/2,1.5,13.6,8.1,0.0,0,0
2016/4/3,3.5,17.8,9.9,0.2,0,0
2016/4/4,8.0,22.2,10.3,1.2,0,0
2016/4/5,0.5,12.3,10.0,0.0,0,0
2016/4/6,0,18.6,9.1,6.1,0,0
2016/4/7,43.5,21.2,11.5,0.0,0,0
2016/4/8,0,22.1,14.0,3.5,0,0
2016/4/9,0,22.6,12.3,9.6,0,0
2016/4/10,0,22.5,13.7,3.5,0,0
2016/4/11,0,16.7,8.3,2.5,0,0
2016/4/12,0,15.2,6.5,11.1,0,0
2016/4/13,6.0,19.9,11.2,1.0,0,0
2016/4/14,39.5,17.0,13.2,0.0,0,0
2016/4/15,0,20.8,12.9,11.9,0,0
2016/4/16,0,20.9,12.5,4.8,0,0
2016/4/17,1.0,21.8,17.1,3.2,0,0
2016/4/18,1.0,24.5,14.3,5.9,0,0
2016/4/19,0.0,21.9,13.4,11.2,0,0
2016/4/20,0,19.6,11.1,11.8,0,0
2016/4/21,10.0,20.0,13.3,0.0,0,0
2016/4/22,0.5,22.0,13.3,6.8,0,0
2016/4/23,0.0,21.8,14.3,2.9,0,0
2016/4/24,5.0,18.4,12.7,0.0,0,0
2016/4/25,0,22.8,14.4,9.4,0,0
2016/4/26,0,24.7,15.1,10.6,0,0
2016/4/27,1.0,21.1,15.7,0.4,0,0
2016/4/28,27.5,15.8,14.2,0.0,0,0
2016/4/29,1.5,21.2,13.7,7.6,0,0
2016/4/30,0,21.3,12.5,12.7,0,0
2016/5/1,0,26.2,12.9,9.8,0,0
2016/5/2,0,22.1,14.3,6.5,0,0
2016/5/3,0,23.8,17.4,6.1,0,0
2016/5/4,19.5,26.4,18.5,9.7,0,0
2016/5/5,0,27.2,18.2,12.7,0,0
2016/5/6,0.5,21.1,16.1,0.0,0,0
2016/5/7,0.0,24.6,16.7,10.0,0,0
2016/5/8,0,25.4,18.0,11.0,0,0
2016/5/9,18.5,21.3,15.9,0.0,0,0
2016/5/10,4.5,23.2,16.1,0.7,0,0
2016/5/11,13.5,25.6,19.1,4.5,0,0
2016/5/12,0,26.8,18.0,13.3,0,0
